Local time,Open,High,Low,Close,Volume
31.12.2020 23:00:00.000 GMT+0100,3755.346,3755.346,3755.346,3755.346,0
01.01.2021 23:00:00.000 GMT+0100,3755.346,3755.346,3755.346,3755.346,0
02.01.2021 23:00:00.000 GMT+0100,3755.346,3755.346,3755.346,3755.346,0
03.01.2021 23:00:00.000 GMT+0100,3759.661,3781.467,3661.601,3701.367,230.62450000000004
04.01.2021 23:00:00.000 GMT+0100,3704.355,3739.664,3682.946,3724.758,199.34840000000003
05.01.2021 23:00:00.000 GMT+0100,3726.858,3783.858,3694.467,3754.446,394.6232
06.01.2021 23:00:00.000 GMT+0100,3759.661,3812.649,3750.746,3805.946,159.36599999999999
07.01.2021 23:00:00.000 GMT+0100,3805.267,3831.367,3783.701,3831.155,186.1918
08.01.2021 23:00:00.000 GMT+0100,3831.155,3831.155,3831.155,3831.155,0
09.01.2021 23:00:00.000 GMT+0100,3831.155,3831.155,3831.155,3831.155,0
10.01.2021 23:00:00.000 GMT+0100,3823.667,3828.861,3784.655,3804.046,214.58520000000004
11.01.2021 23:00:00.000 GMT+0100,3803.649,3815.264,3776.546,3801.767,156.3346
12.01.2021 23:00:00.000 GMT+0100,3801.003,3821.767,3785.258,3814.064,114.58510000000003
13.01.2021 23:00:00.000 GMT+0100,3816.161,3825.664,3793.701,3799.558,110.9818
14.01.2021 23:00:00.000 GMT+0100,3800.458,3805.064,3748.767,3757.955,212.04730000000004
15.01.2021 23:00:00.000 GMT+0100,3757.955,3757.955,3757.955,3757.955,0
16.01.2021 23:00:00.000 GMT+0100,3757.955,3757.955,3757.955,3757.955,0
17.01.2021 23:00:00.000 GMT+0100,3757.967,3776.164,3749.149,3775.349,76.03410000000001
18.01.2021 23:00:00.000 GMT+0100,3776.355,3804.667,3775.546,3796.855,123.0263
19.01.2021 23:00:00.000 GMT+0100,3803.961,3860.461,3796.452,3852.767,106.08869999999999
20.01.2021 23:00:00.000 GMT+0100,3848.949,3867.467,3844.301,3853.667,110.64370000000001
21.01.2021 23:00:00.000 GMT+0100,3855.349,3857.355,3821.646,3842.064,131.57659999999998
22.01.2021 23:00:00.000 GMT+0100,3842.064,3842.064,3842.064,3842.064,0
23.01.2021 23:00:00.000 GMT+0100,3842.064,3842.064,3842.064,3842.064,0
24.01.2021 23:00:00.000 GMT+0100,3843.652,3861.167,3796.701,3856.201,223.76930000000002
25.01.2021 23:00:00.000 GMT+0100,3854.049,3870.564,3829.846,3859.158,160.20730000000003
26.01.2021 23:00:00.000 GMT+0100,3854.257,3860.567,3714.548,3723.861,272.6528
27.01.2021 23:00:00.000 GMT+0100,3741.155,3830.667,3711.449,3788.164,319.02670000000006
28.01.2021 23:00:00.000 GMT+0100,3775.958,3783.367,3692.949,3707.901,385.86350000000004
29.01.2021 23:00:00.000 GMT+0100,3707.901,3707.901,3707.901,3707.901,0
30.01.2021 23:00:00.000 GMT+0100,3707.901,3707.901,3707.901,3707.901,0
31.01.2021 23:00:00.000 GMT+0100,3696.764,3784.961,3664.801,3765.467,244.97079999999997
01.02.2021 23:00:00.000 GMT+0100,3772.552,3843.664,3768.246,3834.064,178.4379
02.02.2021 23:00:00.000 GMT+0100,3838.261,3851.501,3816.146,3840.055,141.95440000000002
03.02.2021 23:00:00.000 GMT+0100,3840.549,3876.167,3819.301,3875.352,115.69900000000001
04.02.2021 23:00:00.000 GMT+0100,3872.367,3895.267,3867.501,3891.052,101.8517
05.02.2021 23:00:00.000 GMT+0100,3891.052,3891.052,3891.052,3891.052,0
06.02.2021 23:00:00.000 GMT+0100,3891.052,3891.052,3891.052,3891.052,0
07.02.2021 23:00:00.000 GMT+0100,3897.261,3917.067,3892.446,3916.546,90.58139999999999
08.02.2021 23:00:00.000 GMT+0100,3917.749,3919.958,3901.801,3916.255,77.2415
09.02.2021 23:00:00.000 GMT+0100,3918.467,3935.246,3885.146,3914.646,139.4815
10.02.2021 23:00:00.000 GMT+0100,3913.249,3925.664,3890.464,3914.652,128.9311
11.02.2021 23:00:00.000 GMT+0100,3910.946,3940.064,3895.755,3940.001,83.9282
12.02.2021 23:00:00.000 GMT+0100,3940.001,3940.001,3940.001,3940.001,0
13.02.2021 23:00:00.000 GMT+0100,3940.001,3940.001,3940.001,3940.001,0
14.02.2021 23:00:00.000 GMT+0100,3942.546,3957.467,3940.452,3956.161,32.65769999999999
15.02.2021 23:00:00.000 GMT+0100,3955.969,3964.261,3923.861,3931.167,121.0717
16.02.2021 23:00:00.000 GMT+0100,3934.155,3937.164,3901.252,3930.301,163.26850000000002
17.02.2021 23:00:00.000 GMT+0100,3932.764,3940.267,3884.846,3914.449,172.7232
18.02.2021 23:00:00.000 GMT+0100,3914.567,3935.067,3894.501,3902.555,152.38870000000003
19.02.2021 23:00:00.000 GMT+0100,3902.555,3902.555,3902.555,3902.555,0
20.02.2021 23:00:00.000 GMT+0100,3902.555,3902.555,3902.555,3902.555,0
21.02.2021 23:00:00.000 GMT+0100,3912.355,3917.967,3865.246,3879.255,213.90570000000002
22.02.2021 23:00:00.000 GMT+0100,3881.946,3899.755,3808.652,3879.364,312.1855
23.02.2021 23:00:00.000 GMT+0100,3880.460,3931.564,3855.749,3930.701,266.37480000000005
24.02.2021 23:00:00.000 GMT+0100,3926.564,3938.064,3813.501,3835.549,349.0617
25.02.2021 23:00:00.000 GMT+0100,3826.003,3861.901,3788.655,3806.167,576.5272000000001
26.02.2021 23:00:00.000 GMT+0100,3806.167,3806.167,3806.167,3806.167,0
27.02.2021 23:00:00.000 GMT+0100,3806.167,3806.167,3806.167,3806.167,0
28.02.2021 23:00:00.000 GMT+0100,3823.246,3915.467,3816.252,3903.467,204.68269999999995
01.03.2021 23:00:00.000 GMT+0100,3906.601,3910.067,3868.801,3876.258,288.3268
02.03.2021 23:00:00.000 GMT+0100,3871.055,3901.067,3817.103,3818.164,239.9187
03.03.2021 23:00:00.000 GMT+0100,3819.346,3844.758,3723.201,3774.858,392.14380000000006
04.03.2021 23:00:00.000 GMT+0100,3769.266,3852.569,3731.201,3841.755,405.1603
05.03.2021 23:00:00.000 GMT+0100,3841.755,3841.755,3841.755,3841.755,0
06.03.2021 23:00:00.000 GMT+0100,3841.755,3841.755,3841.755,3841.755,0
07.03.2021 23:00:00.000 GMT+0100,3859.864,3881.755,3799.103,3831.955,353.61809999999997
08.03.2021 23:00:00.000 GMT+0100,3832.955,3903.567,3828.503,3873.149,207.89220000000003
09.03.2021 23:00:00.000 GMT+0100,3878.449,3918.352,3859.201,3908.164,231.8394
10.03.2021 23:00:00.000 GMT+0100,3909.666,3960.661,3895.401,3938.958,187.52510000000004
11.03.2021 23:00:00.000 GMT+0100,3938.461,3949.158,3911.603,3945.046,163.7927
12.03.2021 23:00:00.000 GMT+0100,3945.046,3945.046,3945.046,3945.046,0
13.03.2021 23:00:00.000 GMT+0100,3945.046,3945.046,3945.046,3945.046,0
14.03.2021 22:00:00.000 GMT+0100,3948.949,3970.946,3923.546,3967.461,110.99339999999998
15.03.2021 22:00:00.000 GMT+0100,3968.054,3980.961,3953.201,3967.857,105.1733
16.03.2021 22:00:00.000 GMT+0100,3967.703,3983.461,3935.449,3975.561,147.73389999999998
17.03.2021 22:00:00.000 GMT+0100,3972.349,3988.755,3912.246,3922.801,198.5567
18.03.2021 22:00:00.000 GMT+0100,3922.546,3934.867,3886.403,3907.549,183.40689999999998
19.03.2021 22:00:00.000 GMT+0100,3907.549,3907.549,3907.549,3907.549,0
20.03.2021 22:00:00.000 GMT+0100,3907.549,3907.549,3907.549,3907.549,0
21.03.2021 22:00:00.000 GMT+0100,3903.852,3957.367,3896.555,3945.655,120.78590000000003
22.03.2021 22:00:00.000 GMT+0100,3946.155,3951.467,3903.549,3915.655,160.98479999999998
23.03.2021 22:00:00.000 GMT+0100,3916.149,3942.167,3888.401,3892.955,167.1163
24.03.2021 22:00:00.000 GMT+0100,3893.369,3920.000,3854.046,3915.861,194.76590000000002
25.03.2021 22:00:00.000 GMT+0100,3918.301,3978.546,3911.649,3974.658,117.62909999999998
26.03.2021 22:00:00.000 GMT+0100,3974.658,3974.658,3974.658,3974.658,0
27.03.2021 22:00:00.000 GMT+0100,3974.658,3974.658,3974.658,3974.658,0
28.03.2021 23:00:00.000 GMT+0200,3973.255,3981.767,3939.849,3974.855,171.9617
29.03.2021 23:00:00.000 GMT+0200,3974.261,3978.767,3944.101,3961.155,148.9404
30.03.2021 23:00:00.000 GMT+0200,3959.858,3994.464,3952.501,3975.201,93.20339999999999
31.03.2021 23:00:00.000 GMT+0200,3978.252,4025.358,3975.546,4025.061,40.6936
01.04.2021 23:00:00.000 GMT+0200,4025.351,4048.858,4023.503,4038.061,10.6655
02.04.2021 23:00:00.000 GMT+0200,4038.061,4038.061,4038.061,4038.061,0
03.04.2021 23:00:00.000 GMT+0200,4038.061,4038.061,4038.061,4038.061,0
04.04.2021 23:00:00.000 GMT+0200,4040.249,4083.964,4031.549,4078.552,37.1916
05.04.2021 23:00:00.000 GMT+0200,4080.158,4086.069,4062.663,4074.667,71.246
06.04.2021 23:00:00.000 GMT+0200,4077.101,4084.067,4066.749,4083.755,71.8257
07.04.2021 23:00:00.000 GMT+0200,4083.655,4104.958,4081.946,4103.661,60.887800000000006
08.04.2021 23:00:00.000 GMT+0200,4107.401,4130.461,4090.601,4121.655,71.66790000000002
09.04.2021 23:00:00.000 GMT+0200,4121.655,4121.655,4121.655,4121.655,0
10.04.2021 23:00:00.000 GMT+0200,4121.655,4121.655,4121.655,4121.655,0
11.04.2021 23:00:00.000 GMT+0200,4123.551,4133.558,4113.746,4130.549,91.8815
12.04.2021 23:00:00.000 GMT+0200,4131.757,4148.467,4110.549,4143.055,91.2493
13.04.2021 23:00:00.000 GMT+0200,4142.849,4152.352,4121.349,4130.964,106.84299999999999
14.04.2021 23:00:00.000 GMT+0200,4131.957,4174.458,4127.901,4169.349,75.98479999999999
15.04.2021 23:00:00.000 GMT+0200,4170.201,4191.267,4162.301,4180.564,80.649
16.04.2021 23:00:00.000 GMT+0200,4180.564,4180.564,4180.564,4180.564,0
17.04.2021 23:00:00.000 GMT+0200,4180.564,4180.564,4180.564,4180.564,0
18.04.2021 23:00:00.000 GMT+0200,4172.849,4182.767,4149.901,4166.055,112.26420000000002
19.04.2021 23:00:00.000 GMT+0200,4164.455,4174.961,4118.346,4129.446,136.4044
20.04.2021 23:00:00.000 GMT+0200,4130.264,4175.067,4120.955,4167.167,75.0088
21.04.2021 23:00:00.000 GMT+0200,4165.758,4179.746,4123.501,4137.361,112.7215
22.04.2021 23:00:00.000 GMT+0200,4137.501,4194.664,4135.746,4175.452,60.8622
23.04.2021 23:00:00.000 GMT+0200,4175.452,4175.452,4175.452,4175.452,0
24.04.2021 23:00:00.000 GMT+0200,4175.452,4175.452,4175.452,4175.452,0
25.04.2021 23:00:00.000 GMT+0200,4178.148,4193.961,4172.003,4185.746,59.60980000000001
26.04.2021 23:00:00.000 GMT+0200,4189.703,4199.552,4175.164,4187.567,59.5044
27.04.2021 23:00:00.000 GMT+0200,4189.548,4202.464,4181.446,4187.961,61.66310000000001
28.04.2021 23:00:00.000 GMT+0200,4193.367,4219.255,4176.401,4208.552,73.9725
29.04.2021 23:00:00.000 GMT+0200,4208.755,4209.261,4175.446,4189.267,87.9167
30.04.2021 23:00:00.000 GMT+0200,4189.267,4189.267,4189.267,4189.267,0
01.05.2021 23:00:00.000 GMT+0200,4189.267,4189.267,4189.267,4189.267,0
02.05.2021 23:00:00.000 GMT+0200,4192.057,4210.455,4188.301,4190.201,71.85170000000001
03.05.2021 23:00:00.000 GMT+0200,4191.469,4192.764,4127.801,4163.855,119.49199999999999
04.05.2021 23:00:00.000 GMT+0200,4166.551,4187.767,4160.901,4168.867,79.6833
05.05.2021 23:00:00.000 GMT+0200,4166.603,4204.161,4147.654,4202.364,126.43720000000002
06.05.2021 23:00:00.000 GMT+0200,4204.946,4238.452,4199.203,4234.158,87.2262
07.05.2021 23:00:00.000 GMT+0200,4234.158,4234.158,4234.158,4234.158,0
08.05.2021 23:00:00.000 GMT+0200,4234.158,4234.158,4234.158,4234.158,0
09.05.2021 23:00:00.000 GMT+0200,4233.760,4244.867,4185.301,4188.664,90.9048
10.05.2021 23:00:00.000 GMT+0200,4185.652,4192.152,4110.751,4146.849,194.33259999999999
11.05.2021 23:00:00.000 GMT+0200,4146.955,4156.649,4057.246,4062.549,228.30760000000004
12.05.2021 23:00:00.000 GMT+0200,4060.969,4132.155,4035.058,4109.746,227.97549999999998
13.05.2021 23:00:00.000 GMT+0200,4115.349,4183.349,4110.746,4178.746,126.99219999999998
14.05.2021 23:00:00.000 GMT+0200,4178.746,4178.746,4178.746,4178.746,0
15.05.2021 23:00:00.000 GMT+0200,4178.746,4178.746,4178.746,4178.746,0
16.05.2021 23:00:00.000 GMT+0200,4174.267,4183.946,4142.403,4165.852,165.6603
17.05.2021 23:00:00.000 GMT+0200,4164.852,4184.846,4125.901,4128.352,92.77349999999998
18.05.2021 23:00:00.000 GMT+0200,4119.857,4127.861,4060.701,4112.561,206.1899
19.05.2021 23:00:00.000 GMT+0200,4112.261,4173.864,4089.048,4158.252,116.47970000000001
20.05.2021 23:00:00.000 GMT+0200,4157.357,4189.567,4151.401,4161.358,106.64989999999999
21.05.2021 23:00:00.000 GMT+0200,4161.358,4161.358,4161.358,4161.358,0
22.05.2021 23:00:00.000 GMT+0200,4161.358,4161.358,4161.358,4161.358,0
23.05.2021 23:00:00.000 GMT+0200,4153.555,4209.655,4146.649,4201.546,77.10470000000001
24.05.2021 23:00:00.000 GMT+0200,4201.703,4216.252,4183.261,4189.246,87.02150000000002
25.05.2021 23:00:00.000 GMT+0200,4192.464,4208.064,4184.401,4197.161,68.4102
26.05.2021 23:00:00.000 GMT+0200,4196.861,4213.567,4181.303,4211.667,80.3566
27.05.2021 23:00:00.000 GMT+0200,4214.160,4220.846,4204.603,4207.446,54.86550000000001
28.05.2021 23:00:00.000 GMT+0200,4207.446,4207.446,4207.446,4207.446,0
29.05.2021 23:00:00.000 GMT+0200,4207.446,4207.446,4207.446,4207.446,0
30.05.2021 23:00:00.000 GMT+0200,4208.455,4213.755,4193.301,4194.364,30.604000000000003
31.05.2021 23:00:00.000 GMT+0200,4196.751,4233.161,4196.401,4202.267,70.3623
01.06.2021 23:00:00.000 GMT+0200,4199.563,4217.852,4192.546,4208.167,75.81890000000001
02.06.2021 23:00:00.000 GMT+0200,4210.364,4215.801,4167.749,4191.955,88.02890000000001
03.06.2021 23:00:00.000 GMT+0200,4194.446,4234.155,4179.446,4228.152,70.49560000000001
04.06.2021 23:00:00.000 GMT+0200,4228.152,4228.152,4228.152,4228.152,0
05.06.2021 23:00:00.000 GMT+0200,4228.152,4228.152,4228.152,4228.152,0
06.06.2021 23:00:00.000 GMT+0200,4232.867,4234.701,4216.403,4228.261,61.915400000000005
07.06.2021 23:00:00.000 GMT+0200,4229.960,4238.964,4208.354,4227.967,66.3236
08.06.2021 23:00:00.000 GMT+0200,4227.963,4237.264,4218.301,4222.952,49.276399999999995
09.06.2021 23:00:00.000 GMT+0200,4224.148,4249.963,4208.201,4238.667,69.47399999999999
10.06.2021 23:00:00.000 GMT+0200,4241.001,4249.264,4232.152,4246.558,44.164
11.06.2021 23:00:00.000 GMT+0200,4246.558,4246.558,4246.558,4246.558,0
12.06.2021 23:00:00.000 GMT+0200,4246.558,4246.558,4246.558,4246.558,0
13.06.2021 23:00:00.000 GMT+0200,4249.152,4258.201,4234.146,4255.858,42.8947
14.06.2021 23:00:00.000 GMT+0200,4255.803,4267.864,4238.003,4247.752,47.99820000000001
15.06.2021 23:00:00.000 GMT+0200,4248.255,4251.664,4200.846,4223.761,81.43639999999999
16.06.2021 23:00:00.000 GMT+0200,4213.954,4232.367,4193.249,4223.458,109.3236
17.06.2021 23:00:00.000 GMT+0200,4224.966,4230.067,4158.901,4162.767,118.3278
18.06.2021 23:00:00.000 GMT+0200,4162.767,4162.767,4162.767,4162.767,0
19.06.2021 23:00:00.000 GMT+0200,4162.767,4162.767,4162.767,4162.767,0
20.06.2021 23:00:00.000 GMT+0200,4157.152,4229.849,4138.001,4229.849,124.8524
21.06.2021 23:00:00.000 GMT+0200,4230.360,4256.401,4216.701,4247.301,74.25529999999999
22.06.2021 23:00:00.000 GMT+0200,4248.755,4259.346,4241.701,4244.867,62.9184
23.06.2021 23:00:00.000 GMT+0200,4244.251,4271.664,4242.901,4269.701,50.936299999999996
24.06.2021 23:00:00.000 GMT+0200,4273.061,4287.761,4264.703,4282.855,48.991499999999995
25.06.2021 23:00:00.000 GMT+0200,4282.855,4282.855,4282.855,4282.855,0
26.06.2021 23:00:00.000 GMT+0200,4282.855,4282.855,4282.855,4282.855,0
27.06.2021 23:00:00.000 GMT+0200,4286.852,4292.346,4274.857,4290.967,53.6987
28.06.2021 23:00:00.000 GMT+0200,4289.951,4300.946,4281.746,4295.555,52.467600000000004
29.06.2021 23:00:00.000 GMT+0200,4295.360,4303.649,4279.146,4302.046,83.51989999999999
30.06.2021 23:00:00.000 GMT+0200,4303.757,4321.761,4296.049,4318.001,79.7569
01.07.2021 23:00:00.000 GMT+0200,4318.863,4356.261,4317.552,4349.049,73.794
02.07.2021 23:00:00.000 GMT+0200,4349.049,4349.049,4349.049,4349.049,0
03.07.2021 23:00:00.000 GMT+0200,4349.049,4349.049,4349.049,4349.049,0
04.07.2021 23:00:00.000 GMT+0200,4348.803,4354.767,4342.001,4349.946,43.7392
05.07.2021 23:00:00.000 GMT+0200,4351.048,4357.067,4314.401,4339.561,89.35569999999998
06.07.2021 23:00:00.000 GMT+0200,4337.552,4362.664,4330.101,4359.664,80.88000000000001
07.07.2021 23:00:00.000 GMT+0200,4360.949,4361.264,4288.555,4317.849,147.1238
08.07.2021 23:00:00.000 GMT+0200,4319.563,4372.267,4302.060,4368.361,82.16529999999997
09.07.2021 23:00:00.000 GMT+0200,4368.361,4368.361,4368.361,4368.361,0
10.07.2021 23:00:00.000 GMT+0200,4368.361,4368.361,4368.361,4368.361,0
11.07.2021 23:00:00.000 GMT+0200,4371.954,4387.767,4350.801,4385.601,73.14569999999999
12.07.2021 23:00:00.000 GMT+0200,4385.767,4392.766,4365.803,4370.158,70.91740000000001
13.07.2021 23:00:00.000 GMT+0200,4368.849,4393.069,4358.803,4376.501,84.785
14.07.2021 23:00:00.000 GMT+0200,4374.964,4378.464,4340.801,4356.467,98.09799999999998
15.07.2021 23:00:00.000 GMT+0200,4356.260,4376.264,4322.849,4323.401,93.75
16.07.2021 23:00:00.000 GMT+0200,4323.401,4323.401,4323.401,4323.401,0
17.07.2021 23:00:00.000 GMT+0200,4323.401,4323.401,4323.401,4323.401,0
18.07.2021 23:00:00.000 GMT+0200,4328.067,4328.967,4232.001,4262.449,181.08350000000002
19.07.2021 23:00:00.000 GMT+0200,4269.964,4337.555,4261.003,4328.361,120.56409999999998
20.07.2021 23:00:00.000 GMT+0200,4327.867,4362.364,4318.801,4361.352,96.73170000000002
21.07.2021 23:00:00.000 GMT+0200,4362.764,4371.855,4350.201,4371.846,68.3525
22.07.2021 23:00:00.000 GMT+0200,4379.667,4416.167,4375.955,4409.761,51.72100000000001
23.07.2021 23:00:00.000 GMT+0200,4409.761,4409.761,4409.761,4409.761,0
24.07.2021 23:00:00.000 GMT+0200,4409.761,4409.761,4409.761,4409.761,0
25.07.2021 23:00:00.000 GMT+0200,4409.264,4424.749,4384.201,4424.564,82.89289999999998
26.07.2021 23:00:00.000 GMT+0200,4424.258,4424.501,4372.546,4394.155,121.99290000000002
27.07.2021 23:00:00.000 GMT+0200,4388.158,4415.561,4386.003,4399.452,135.6232
28.07.2021 23:00:00.000 GMT+0200,4400.401,4430.055,4388.101,4413.467,70.41749999999999
29.07.2021 23:00:00.000 GMT+0200,4403.360,4412.067,4378.101,4402.101,111.63500000000002
30.07.2021 23:00:00.000 GMT+0200,4402.101,4402.101,4402.101,4402.101,0
31.07.2021 23:00:00.000 GMT+0200,4402.101,4402.101,4402.101,4402.101,0
01.08.2021 23:00:00.000 GMT+0200,4403.903,4426.867,4385.301,4391.461,87.31410000000001
02.08.2021 23:00:00.000 GMT+0200,4391.864,4424.801,4373.346,4417.452,97.06120000000001
03.08.2021 23:00:00.000 GMT+0200,4418.069,4422.967,4399.852,4404.955,79.3963
04.08.2021 23:00:00.000 GMT+0200,4404.669,4430.501,4402.246,4428.458,62.0525
05.08.2021 23:00:00.000 GMT+0200,4427.566,4440.555,4423.601,4437.801,66.22169999999998
06.08.2021 23:00:00.000 GMT+0200,4437.801,4437.801,4437.801,4437.801,0
07.08.2021 23:00:00.000 GMT+0200,4437.801,4437.801,4437.801,4437.801,0
08.08.2021 23:00:00.000 GMT+0200,4436.352,4439.258,4419.803,4433.801,57.413199999999996
09.08.2021 23:00:00.000 GMT+0200,4435.466,4445.464,4424.046,4435.001,52.516899999999985
10.08.2021 23:00:00.000 GMT+0200,4437.549,4450.758,4428.549,4447.652,55.343300000000006
11.08.2021 23:00:00.000 GMT+0200,4446.860,4462.367,4436.849,4460.249,40.029599999999995
12.08.2021 23:00:00.000 GMT+0200,4461.846,4469.464,4457.401,4467.767,34.4581
13.08.2021 23:00:00.000 GMT+0200,4467.767,4467.767,4467.767,4467.767,0
14.08.2021 23:00:00.000 GMT+0200,4467.767,4467.767,4467.767,4467.767,0
15.08.2021 23:00:00.000 GMT+0200,4463.746,4481.967,4438.849,4479.452,60.604699999999994
16.08.2021 23:00:00.000 GMT+0200,4476.952,4477.452,4417.352,4443.455,94.3862
17.08.2021 23:00:00.000 GMT+0200,4441.564,4454.152,4395.946,4399.446,82.6794
18.08.2021 23:00:00.000 GMT+0200,4394.901,4419.367,4352.701,4408.961,163.8618
19.08.2021 23:00:00.000 GMT+0200,4407.949,4444.701,4376.548,4438.349,113.92709999999998
20.08.2021 23:00:00.000 GMT+0200,4438.349,4438.349,4438.349,4438.349,0
21.08.2021 23:00:00.000 GMT+0200,4438.349,4438.349,4438.349,4438.349,0
22.08.2021 23:00:00.000 GMT+0200,4439.246,4489.467,4437.546,4482.849,61.53070000000001
23.08.2021 23:00:00.000 GMT+0200,4485.264,4495.867,4480.849,4485.949,44.7046
24.08.2021 23:00:00.000 GMT+0200,4488.249,4502.158,4480.701,4497.758,43.950199999999995
25.08.2021 23:00:00.000 GMT+0200,4498.452,4498.467,4469.301,4472.201,84.16499999999999
26.08.2021 23:00:00.000 GMT+0200,4474.352,4513.660,4466.701,4507.958,54.324099999999994
27.08.2021 23:00:00.000 GMT+0200,4507.958,4507.958,4507.958,4507.958,0
28.08.2021 23:00:00.000 GMT+0200,4507.958,4507.958,4507.958,4507.958,0
29.08.2021 23:00:00.000 GMT+0200,4511.552,4537.858,4504.448,4530.661,31.5931
30.08.2021 23:00:00.000 GMT+0200,4532.158,4545.264,4515.655,4529.564,60.744400000000006
31.08.2021 23:00:00.000 GMT+0200,4530.752,4542.767,4522.149,4527.458,43.8518
01.09.2021 23:00:00.000 GMT+0200,4524.855,4546.146,4518.401,4537.701,43.54429999999999
02.09.2021 23:00:00.000 GMT+0200,4539.157,4551.467,4521.646,4535.564,56.50740000000001
03.09.2021 23:00:00.000 GMT+0200,4535.564,4535.564,4535.564,4535.564,0
04.09.2021 23:00:00.000 GMT+0200,4535.564,4535.564,4535.564,4535.564,0
05.09.2021 23:00:00.000 GMT+0200,4536.049,4549.764,4525.801,4546.467,21.038500000000003
06.09.2021 23:00:00.000 GMT+0200,4545.861,4546.301,4512.952,4517.961,48.26799999999999
07.09.2021 23:00:00.000 GMT+0200,4519.758,4526.464,4493.846,4513.464,85.0357
08.09.2021 23:00:00.000 GMT+0200,4513.051,4530.546,4487.146,4493.149,80.37140000000001
09.09.2021 23:00:00.000 GMT+0200,4492.961,4519.358,4458.303,4463.267,82.99159999999999
10.09.2021 23:00:00.000 GMT+0200,4463.267,4463.267,4463.267,4463.267,0
11.09.2021 23:00:00.000 GMT+0200,4463.267,4463.267,4463.267,4463.267,0
12.09.2021 23:00:00.000 GMT+0200,4462.952,4494.367,4445.152,4474.752,143.90570000000002
13.09.2021 23:00:00.000 GMT+0200,4475.152,4488.946,4434.801,4447.461,95.9142
14.09.2021 23:00:00.000 GMT+0200,4446.854,4487.567,4436.948,4483.455,85.8877
15.09.2021 23:00:00.000 GMT+0200,4486.452,4488.158,4443.648,4473.055,82.72779999999999
16.09.2021 23:00:00.000 GMT+0200,4471.001,4483.064,4422.903,4426.249,112.09130000000002
17.09.2021 23:00:00.000 GMT+0200,4426.249,4426.249,4426.249,4426.249,0
18.09.2021 23:00:00.000 GMT+0200,4426.249,4426.249,4426.249,4426.249,0
19.09.2021 23:00:00.000 GMT+0200,4423.446,4429.267,4305.555,4351.849,222.92469999999997
20.09.2021 23:00:00.000 GMT+0200,4354.464,4407.101,4343.101,4345.649,187.1836
21.09.2021 23:00:00.000 GMT+0200,4347.761,4416.969,4332.646,4397.355,174.3436
22.09.2021 23:00:00.000 GMT+0200,4397.361,4465.867,4397.001,4450.955,115.03519999999999
23.09.2021 23:00:00.000 GMT+0200,4449.852,4464.249,4421.651,4457.061,120.3791
24.09.2021 23:00:00.000 GMT+0200,4457.061,4457.061,4457.061,4457.061,0
25.09.2021 23:00:00.000 GMT+0200,4457.061,4457.061,4457.061,4457.061,0
26.09.2021 23:00:00.000 GMT+0200,4457.901,4483.361,4436.448,4443.564,109.5332
27.09.2021 23:00:00.000 GMT+0200,4441.355,4453.164,4346.046,4357.301,193.1086
28.09.2021 23:00:00.000 GMT+0200,4359.260,4389.464,4354.649,4367.201,170.70749999999998
29.09.2021 23:00:00.000 GMT+0200,4369.269,4398.449,4305.354,4313.401,179.4939
30.09.2021 23:00:00.000 GMT+0200,4312.061,4376.546,4271.155,4358.455,210.6302
01.10.2021 23:00:00.000 GMT+0200,4358.455,4358.455,4358.455,4358.455,0
02.10.2021 23:00:00.000 GMT+0200,4358.455,4358.455,4358.455,4358.455,0
03.10.2021 23:00:00.000 GMT+0200,4359.864,4372.746,4278.852,4305.449,231.40890000000002
04.10.2021 23:00:00.000 GMT+0200,4305.952,4369.501,4280.251,4345.455,162.72659999999996
05.10.2021 23:00:00.000 GMT+0200,4344.661,4366.358,4283.949,4365.458,228.27480000000003
06.10.2021 23:00:00.000 GMT+0200,4366.052,4431.264,4365.852,4400.464,120.06510000000002
07.10.2021 23:00:00.000 GMT+0200,4399.867,4417.261,4386.152,4389.558,150.67229999999998
08.10.2021 23:00:00.000 GMT+0200,4389.558,4389.558,4389.558,4389.558,0
09.10.2021 23:00:00.000 GMT+0200,4389.558,4389.558,4389.558,4389.558,0
10.10.2021 23:00:00.000 GMT+0200,4394.069,4417.401,4355.701,4358.264,157.2769
11.10.2021 23:00:00.000 GMT+0200,4357.963,4375.064,4327.049,4341.852,189.46949999999995
12.10.2021 23:00:00.000 GMT+0200,4337.966,4375.158,4329.164,4363.701,152.43980000000002
13.10.2021 23:00:00.000 GMT+0200,4364.869,4440.455,4364.869,4440.252,86.1142
14.10.2021 23:00:00.000 GMT+0200,4443.466,4476.749,4435.749,4472.546,92.29689999999998
15.10.2021 23:00:00.000 GMT+0200,4472.546,4472.546,4472.546,4472.546,0
16.10.2021 23:00:00.000 GMT+0200,4472.546,4472.546,4472.546,4472.546,0
17.10.2021 23:00:00.000 GMT+0200,4476.052,4489.552,4445.846,4486.601,96.76229999999998
18.10.2021 23:00:00.000 GMT+0200,4485.658,4525.361,4481.751,4524.152,71.82220000000001
19.10.2021 23:00:00.000 GMT+0200,4525.155,4541.549,4513.846,4534.567,69.91770000000001
20.10.2021 23:00:00.000 GMT+0200,4534.246,4552.255,4519.801,4548.867,75.27010000000001
21.10.2021 23:00:00.000 GMT+0200,4540.861,4560.558,4524.503,4543.358,105.9026
22.10.2021 23:00:00.000 GMT+0200,4543.358,4543.358,4543.358,4543.358,0
23.10.2021 23:00:00.000 GMT+0200,4543.358,4543.358,4543.358,4543.358,0
24.10.2021 23:00:00.000 GMT+0200,4539.764,4572.467,4531.301,4568.949,80.29150000000003
25.10.2021 23:00:00.000 GMT+0200,4573.946,4598.867,4569.557,4574.667,84.56789999999998
26.10.2021 23:00:00.000 GMT+0200,4572.567,4585.160,4552.446,4556.058,108.28369999999998
27.10.2021 23:00:00.000 GMT+0200,4557.449,4598.000,4554.001,4591.667,92.09790000000001
28.10.2021 23:00:00.000 GMT+0200,4585.901,4608.661,4567.701,4607.601,102.51950000000001
29.10.2021 23:00:00.000 GMT+0200,4607.601,4607.601,4607.601,4607.601,0
30.10.2021 23:00:00.000 GMT+0200,4607.601,4607.601,4607.601,4607.601,0
31.10.2021 22:00:00.000 GMT+0100,4615.849,4627.155,4594.401,4612.501,70.32090000000001
01.11.2021 22:00:00.000 GMT+0100,4614.461,4635.564,4601.803,4630.146,71.4798
02.11.2021 22:00:00.000 GMT+0100,4630.361,4665.161,4621.749,4660.158,81.7829
03.11.2021 22:00:00.000 GMT+0100,4660.255,4683.164,4659.101,4681.364,81.13680000000001
04.11.2021 22:00:00.000 GMT+0100,4679.361,4719.567,4675.601,4692.255,83.93770000000002
05.11.2021 22:00:00.000 GMT+0100,4692.255,4692.255,4692.255,4692.255,0
06.11.2021 22:00:00.000 GMT+0100,4692.255,4692.255,4692.255,4692.255,0
07.11.2021 23:00:00.000 GMT+0100,4686.258,4714.467,4684.161,4700.652,80.91210000000001
08.11.2021 23:00:00.000 GMT+0100,4699.455,4708.351,4671.155,4683.501,116.4451
09.11.2021 23:00:00.000 GMT+0100,4681.764,4687.149,4631.601,4648.252,143.4258
10.11.2021 23:00:00.000 GMT+0100,4651.261,4667.749,4644.749,4651.955,76.73630000000001
11.11.2021 23:00:00.000 GMT+0100,4653.761,4689.464,4650.349,4687.767,71.99350000000001
12.11.2021 23:00:00.000 GMT+0100,4687.767,4687.767,4687.767,4687.767,0
13.11.2021 23:00:00.000 GMT+0100,4687.767,4687.767,4687.767,4687.767,0
14.11.2021 23:00:00.000 GMT+0100,4689.961,4703.361,4672.901,4687.561,74.9285
15.11.2021 23:00:00.000 GMT+0100,4686.449,4714.964,4676.803,4703.052,41.40420000000001
16.11.2021 23:00:00.000 GMT+0100,4702.361,4706.367,4684.754,4689.664,38.760400000000004
17.11.2021 23:00:00.000 GMT+0100,4689.661,4709.155,4672.146,4703.458,47.319900000000004
18.11.2021 23:00:00.000 GMT+0100,4709.949,4727.758,4688.748,4699.458,73.8396
19.11.2021 23:00:00.000 GMT+0100,4699.458,4699.458,4699.458,4699.458,0
20.11.2021 23:00:00.000 GMT+0100,4699.458,4699.458,4699.458,4699.458,0
21.11.2021 23:00:00.000 GMT+0100,4704.358,4744.255,4677.701,4686.767,65.6818
22.11.2021 23:00:00.000 GMT+0100,4687.858,4698.858,4653.349,4682.664,124.14999999999999
23.11.2021 23:00:00.000 GMT+0100,4689.003,4704.461,4659.801,4703.758,104.70469999999999
24.11.2021 23:00:00.000 GMT+0100,4704.255,4720.767,4704.255,4708.801,23.0539
25.11.2021 23:00:00.000 GMT+0100,4711.249,4711.346,4584.046,4584.061,247.4655
26.11.2021 23:00:00.000 GMT+0100,4584.061,4584.061,4584.061,4584.061,0
27.11.2021 23:00:00.000 GMT+0100,4584.061,4584.061,4584.061,4584.061,0
28.11.2021 23:00:00.000 GMT+0100,4593.161,4673.758,4593.103,4657.146,211.82329999999996
29.11.2021 23:00:00.000 GMT+0100,4660.655,4671.161,4560.254,4582.055,317.1302
30.11.2021 23:00:00.000 GMT+0100,4590.564,4653.761,4501.154,4516.849,239.3663
01.12.2021 23:00:00.000 GMT+0100,4517.667,4595.661,4508.001,4575.255,305.67780000000005
02.12.2021 23:00:00.000 GMT+0100,4588.257,4608.464,4494.401,4533.252,296.0311
03.12.2021 23:00:00.000 GMT+0100,4533.252,4533.252,4533.252,4533.252,0
04.12.2021 23:00:00.000 GMT+0100,4533.252,4533.252,4533.252,4533.252,0
05.12.2021 23:00:00.000 GMT+0100,4545.052,4613.361,4533.501,4592.461,248.02300000000002
06.12.2021 23:00:00.000 GMT+0100,4596.567,4694.667,4589.446,4693.164,131.02030000000002
07.12.2021 23:00:00.000 GMT+0100,4697.564,4713.961,4674.646,4700.301,157.88229999999996
08.12.2021 23:00:00.000 GMT+0100,4699.155,4707.849,4664.164,4666.601,134.29729999999998
09.12.2021 23:00:00.000 GMT+0100,4671.167,4714.249,4666.301,4712.801,124.30650000000001
10.12.2021 23:00:00.000 GMT+0100,4712.801,4712.801,4712.801,4712.801,0
11.12.2021 23:00:00.000 GMT+0100,4712.801,4712.801,4712.801,4712.801,0
12.12.2021 23:00:00.000 GMT+0100,4720.108,4732.652,4665.201,4671.764,158.74739999999997
13.12.2021 23:00:00.000 GMT+0100,4672.366,4685.567,4605.601,4634.267,194.0699
14.12.2021 23:00:00.000 GMT+0100,4637.952,4714.952,4611.601,4710.461,194.97600000000003
15.12.2021 23:00:00.000 GMT+0100,4712.167,4752.461,4651.101,4673.658,208.8608
16.12.2021 23:00:00.000 GMT+0100,4673.646,4677.064,4599.149,4626.946,281.04
17.12.2021 23:00:00.000 GMT+0100,4626.946,4626.946,4626.946,4626.946,0
18.12.2021 23:00:00.000 GMT+0100,4626.946,4626.946,4626.946,4626.946,0
19.12.2021 23:00:00.000 GMT+0100,4622.852,4631.455,4530.646,4581.249,304.75530000000003
20.12.2021 23:00:00.000 GMT+0100,4579.258,4652.355,4576.248,4649.755,169.40890000000002
21.12.2021 23:00:00.000 GMT+0100,4652.158,4700.267,4632.701,4699.755,126.47189999999999
22.12.2021 23:00:00.000 GMT+0100,4699.266,4741.155,4695.249,4725.749,69.83749999999999
23.12.2021 23:00:00.000 GMT+0100,4725.749,4725.749,4725.749,4725.749,0
24.12.2021 23:00:00.000 GMT+0100,4725.749,4725.749,4725.749,4725.749,0
25.12.2021 23:00:00.000 GMT+0100,4725.749,4725.749,4725.749,4725.749,0
26.12.2021 23:00:00.000 GMT+0100,4729.646,4792.767,4723.201,4789.767,76.7341
27.12.2021 23:00:00.000 GMT+0100,4788.967,4806.467,4779.101,4792.567,99.8758
28.12.2021 23:00:00.000 GMT+0100,4790.046,4804.567,4778.601,4792.152,86.58399999999999
29.12.2021 23:00:00.000 GMT+0100,4793.555,4808.167,4776.301,4783.467,73.46889999999999
30.12.2021 23:00:00.000 GMT+0100,4782.603,4787.301,4759.958,4773.049,83.0238
31.12.2021 23:00:00.000 GMT+0100,4773.049,4773.049,4773.049,4773.049,0
01.01.2022 23:00:00.000 GMT+0100,4773.049,4773.049,4773.049,4773.049,0
02.01.2022 23:00:00.000 GMT+0100,4780.352,4800.046,4756.401,4794.646,120.47880000000002
03.01.2022 23:00:00.000 GMT+0100,4794.749,4817.446,4774.101,4791.564,110.25580000000001
04.01.2022 23:00:00.000 GMT+0100,4792.767,4797.664,4698.746,4707.749,149.08759999999998
05.01.2022 23:00:00.000 GMT+0100,4701.961,4725.855,4671.601,4701.752,252.0573
06.01.2022 23:00:00.000 GMT+0100,4706.964,4714.964,4663.203,4677.449,180.31709999999998
07.01.2022 23:00:00.000 GMT+0100,4677.449,4677.449,4677.449,4677.449,0
08.01.2022 23:00:00.000 GMT+0100,4677.449,4677.449,4677.449,4677.449,0
09.01.2022 23:00:00.000 GMT+0100,4679.858,4690.964,4581.154,4670.755,224.1927
10.01.2022 23:00:00.000 GMT+0100,4672.957,4716.952,4636.801,4714.158,197.35
11.01.2022 23:00:00.000 GMT+0100,4714.455,4748.867,4704.403,4730.967,161.6549
12.01.2022 23:00:00.000 GMT+0100,4728.152,4745.000,4651.401,4660.801,168.2958
13.01.2022 23:00:00.000 GMT+0100,4663.546,4675.861,4614.957,4668.346,255.17090000000002
14.01.2022 23:00:00.000 GMT+0100,4668.346,4668.346,4668.346,4668.346,0
15.01.2022 23:00:00.000 GMT+0100,4668.346,4668.346,4668.346,4668.346,0
16.01.2022 23:00:00.000 GMT+0100,4675.352,4680.361,4647.851,4662.267,97.2171
17.01.2022 23:00:00.000 GMT+0100,4666.063,4670.858,4568.846,4580.958,243.16539999999998
18.01.2022 23:00:00.000 GMT+0100,4587.851,4611.649,4529.603,4533.461,248.0956
19.01.2022 23:00:00.000 GMT+0100,4534.261,4602.367,4473.255,4475.261,238.12069999999994
20.01.2022 23:00:00.000 GMT+0100,4465.446,4494.864,4390.701,4393.964,403.94099999999986
21.01.2022 23:00:00.000 GMT+0100,4393.964,4393.964,4393.964,4393.964,0
22.01.2022 23:00:00.000 GMT+0100,4393.964,4393.964,4393.964,4393.964,0
23.01.2022 23:00:00.000 GMT+0100,4396.846,4435.752,4221.146,4414.064,586.7399999999999
24.01.2022 23:00:00.000 GMT+0100,4410.946,4414.767,4284.601,4344.764,611.7275999999999
25.01.2022 23:00:00.000 GMT+0100,4319.501,4455.058,4303.264,4338.167,510.70320000000004
26.01.2022 23:00:00.000 GMT+0100,4357.152,4430.301,4272.446,4331.849,641.0945999999999
27.01.2022 23:00:00.000 GMT+0100,4358.264,4434.758,4274.461,4421.958,594.5328
28.01.2022 23:00:00.000 GMT+0100,4421.958,4421.958,4421.958,4421.958,0
29.01.2022 23:00:00.000 GMT+0100,4421.958,4421.958,4421.958,4421.958,0
30.01.2022 23:00:00.000 GMT+0100,4432.201,4517.352,4404.401,4500.855,357.19370000000004
31.01.2022 23:00:00.000 GMT+0100,4503.461,4551.964,4483.801,4551.264,361.77239999999995
01.02.2022 23:00:00.000 GMT+0100,4561.852,4595.164,4545.249,4555.261,394.12120000000004
02.02.2022 23:00:00.000 GMT+0100,4554.158,4557.264,4471.346,4509.467,484.4195
03.02.2022 23:00:00.000 GMT+0100,4525.849,4541.467,4447.601,4496.149,536.7196
04.02.2022 23:00:00.000 GMT+0100,4496.149,4496.149,4496.149,4496.149,0
05.02.2022 23:00:00.000 GMT+0100,4496.149,4496.149,4496.149,4496.149,0
06.02.2022 23:00:00.000 GMT+0100,4505.952,4523.561,4472.049,4492.167,475.36310000000003
07.02.2022 23:00:00.000 GMT+0100,4493.458,4532.355,4465.761,4524.655,345.59649999999993
08.02.2022 23:00:00.000 GMT+0100,4526.552,4590.561,4525.901,4588.246,222.03409999999997
09.02.2022 23:00:00.000 GMT+0100,4591.001,4591.001,4484.449,4500.458,340.2618
10.02.2022 23:00:00.000 GMT+0100,4502.946,4528.167,4400.701,4420.458,403.80190000000005
11.02.2022 23:00:00.000 GMT+0100,4420.458,4420.458,4420.458,4420.458,0
12.02.2022 23:00:00.000 GMT+0100,4420.458,4420.458,4420.458,4420.458,0
13.02.2022 23:00:00.000 GMT+0100,4418.901,4434.864,4361.301,4404.264,474.33989999999994
14.02.2022 23:00:00.000 GMT+0100,4402.658,4475.452,4389.401,4461.646,315.59290000000004
15.02.2022 23:00:00.000 GMT+0100,4465.212,4490.361,4429.755,4471.655,272.49530000000004
16.02.2022 23:00:00.000 GMT+0100,4472.446,4480.167,4372.901,4379.958,337.0693
17.02.2022 23:00:00.000 GMT+0100,4378.855,4416.458,4326.755,4355.652,346.75180000000006
18.02.2022 23:00:00.000 GMT+0100,4355.652,4355.652,4355.652,4355.652,0
19.02.2022 23:00:00.000 GMT+0100,4355.652,4355.652,4355.652,4355.652,0
20.02.2022 23:00:00.000 GMT+0100,4327.298,4396.814,4291.049,4292.658,162.7168
21.02.2022 23:00:00.000 GMT+0100,4272.852,4364.249,4255.803,4320.658,538.0896999999999
22.02.2022 23:00:00.000 GMT+0100,4316.164,4350.364,4221.501,4229.401,335.66979999999995
23.02.2022 23:00:00.000 GMT+0100,4220.748,4295.849,4107.201,4272.149,793.0024
24.02.2022 23:00:00.000 GMT+0100,4272.561,4388.567,4233.067,4384.561,538.8531
25.02.2022 23:00:00.000 GMT+0100,4384.561,4384.561,4384.561,4384.561,0
26.02.2022 23:00:00.000 GMT+0100,4384.561,4384.561,4384.561,4384.561,0
27.02.2022 23:00:00.000 GMT+0100,4299.367,4390.158,4258.252,4373.061,581.6085999999999
28.02.2022 23:00:00.000 GMT+0100,4373.855,4403.364,4279.461,4318.361,459.79210000000006
01.03.2022 23:00:00.000 GMT+0100,4314.301,4402.846,4282.801,4382.267,449.81960000000004
02.03.2022 23:00:00.000 GMT+0100,4377.455,4421.961,4344.360,4367.752,361.05310000000003
03.03.2022 23:00:00.000 GMT+0100,4370.351,4377.767,4285.001,4323.949,523.6843000000001
04.03.2022 23:00:00.000 GMT+0100,4323.949,4323.949,4323.949,4323.949,0
05.03.2022 23:00:00.000 GMT+0100,4323.949,4323.949,4323.949,4323.949,0
06.03.2022 23:00:00.000 GMT+0100,4308.652,4328.655,4188.258,4195.601,573.7947000000001
07.03.2022 23:00:00.000 GMT+0100,4188.460,4277.667,4141.767,4160.864,641.3462000000001
08.03.2022 23:00:00.000 GMT+0100,4154.952,4300.367,4154.355,4276.252,500.6289
09.03.2022 23:00:00.000 GMT+0100,4281.455,4283.958,4209.801,4262.964,427.15289999999993
10.03.2022 23:00:00.000 GMT+0100,4261.961,4338.367,4199.849,4207.561,406.57810000000006
11.03.2022 23:00:00.000 GMT+0100,4207.561,4207.561,4207.561,4207.561,0
12.03.2022 23:00:00.000 GMT+0100,4207.561,4207.561,4207.561,4207.561,0
13.03.2022 22:00:00.000 GMT+0100,4221.601,4254.358,4161.401,4181.561,439.2549
14.03.2022 22:00:00.000 GMT+0100,4182.249,4271.267,4138.746,4255.858,390.0617
15.03.2022 22:00:00.000 GMT+0100,4258.349,4362.261,4247.801,4358.067,382.98529999999994
16.03.2022 22:00:00.000 GMT+0100,4368.349,4416.201,4329.501,4405.001,322.2868
17.03.2022 22:00:00.000 GMT+0100,4395.949,4468.364,4374.248,4466.555,280.9708
18.03.2022 22:00:00.000 GMT+0100,4466.555,4466.555,4466.555,4466.555,0
19.03.2022 22:00:00.000 GMT+0100,4466.555,4466.555,4466.555,4466.555,0
20.03.2022 22:00:00.000 GMT+0100,4466.461,4482.564,4424.746,4465.252,334.3816
21.03.2022 22:00:00.000 GMT+0100,4465.658,4522.961,4441.701,4513.501,226.1842
22.03.2022 22:00:00.000 GMT+0100,4510.849,4522.355,4453.048,4455.501,212.1515
23.03.2022 22:00:00.000 GMT+0100,4457.155,4523.664,4453.703,4521.852,209.3647
24.03.2022 22:00:00.000 GMT+0100,4524.967,4546.761,4501.201,4543.164,241.6586
25.03.2022 22:00:00.000 GMT+0100,4543.164,4543.164,4543.164,4543.164,0
26.03.2022 22:00:00.000 GMT+0100,4543.164,4543.164,4543.164,4543.164,0
27.03.2022 23:00:00.000 GMT+0200,4539.949,4579.664,4517.546,4577.958,249.0853
28.03.2022 23:00:00.000 GMT+0200,4577.352,4637.367,4572.946,4626.946,256.6363
29.03.2022 23:00:00.000 GMT+0200,4627.401,4633.967,4580.452,4606.801,222.9561
30.03.2022 23:00:00.000 GMT+0200,4607.367,4620.067,4532.201,4548.364,222.6434
31.03.2022 23:00:00.000 GMT+0200,4546.701,4561.367,4507.249,4538.061,243.10010000000003
01.04.2022 23:00:00.000 GMT+0200,4538.061,4538.061,4538.061,4538.061,0
02.04.2022 23:00:00.000 GMT+0200,4538.061,4538.061,4538.061,4538.061,0
03.04.2022 23:00:00.000 GMT+0200,4544.358,4586.167,4533.855,4582.146,173.9634
04.04.2022 23:00:00.000 GMT+0200,4581.561,4594.261,4513.946,4528.001,200.36729999999997
05.04.2022 23:00:00.000 GMT+0200,4532.055,4534.067,4449.801,4479.401,264.8478
06.04.2022 23:00:00.000 GMT+0200,4476.149,4522.555,4450.755,4504.152,255.0608
07.04.2022 23:00:00.000 GMT+0200,4501.352,4526.146,4475.046,4490.449,216.2563
08.04.2022 23:00:00.000 GMT+0200,4490.449,4490.449,4490.449,4490.449,0
09.04.2022 23:00:00.000 GMT+0200,4490.449,4490.449,4490.449,4490.449,0
10.04.2022 23:00:00.000 GMT+0200,4494.246,4496.949,4409.301,4413.258,249.5521
11.04.2022 23:00:00.000 GMT+0200,4416.346,4472.264,4381.201,4400.852,267.7185
12.04.2022 23:00:00.000 GMT+0200,4401.452,4454.667,4389.401,4443.458,220.22990000000001
13.04.2022 23:00:00.000 GMT+0200,4443.967,4460.967,4390.301,4390.764,198.4024
14.04.2022 23:00:00.000 GMT+0200,4390.764,4390.764,4390.764,4390.764,0
15.04.2022 23:00:00.000 GMT+0200,4390.764,4390.764,4390.764,4390.764,0
16.04.2022 23:00:00.000 GMT+0200,4390.764,4390.764,4390.764,4390.764,0
17.04.2022 23:00:00.000 GMT+0200,4387.155,4411.351,4360.961,4405.749,177.7969
18.04.2022 23:00:00.000 GMT+0200,4406.349,4472.164,4377.201,4439.667,202.65019999999998
19.04.2022 23:00:00.000 GMT+0200,4443.763,4489.364,4438.454,4471.446,234.6977
20.04.2022 23:00:00.000 GMT+0200,4473.701,4514.152,4384.601,4391.746,243.9939
21.04.2022 23:00:00.000 GMT+0200,4391.749,4397.758,4257.303,4260.167,289.3086
22.04.2022 23:00:00.000 GMT+0200,4260.167,4260.167,4260.167,4260.167,0
23.04.2022 23:00:00.000 GMT+0200,4260.167,4260.167,4260.167,4260.167,0
24.04.2022 23:00:00.000 GMT+0200,4267.864,4301.064,4199.901,4294.567,421.3741
25.04.2022 23:00:00.000 GMT+0200,4297.958,4308.249,4151.258,4159.467,290.0416
26.04.2022 23:00:00.000 GMT+0200,4158.649,4242.167,4154.901,4196.755,425.39680000000004
27.04.2022 23:00:00.000 GMT+0200,4221.463,4309.267,4188.401,4263.861,308.96270000000004
28.04.2022 23:00:00.000 GMT+0200,4241.449,4285.264,4124.401,4146.767,344.3201999999999
29.04.2022 23:00:00.000 GMT+0200,4146.767,4146.767,4146.767,4146.767,0
30.04.2022 23:00:00.000 GMT+0200,4146.767,4146.767,4146.767,4146.767,0
01.05.2022 23:00:00.000 GMT+0200,4142.101,4170.801,4062.101,4150.267,448.59469999999993
02.05.2022 23:00:00.000 GMT+0200,4152.661,4201.357,4135.152,4179.267,363.78420000000006
03.05.2022 23:00:00.000 GMT+0200,4176.952,4308.654,4148.648,4294.949,299.17789999999997
04.05.2022 23:00:00.000 GMT+0200,4295.349,4306.067,4105.651,4157.652,421.3456
05.05.2022 23:00:00.000 GMT+0200,4150.954,4158.667,4067.754,4110.964,553.8154000000001
06.05.2022 23:00:00.000 GMT+0200,4110.964,4110.964,4110.964,4110.964,0
07.05.2022 23:00:00.000 GMT+0200,4110.964,4110.964,4110.964,4110.964,0
08.05.2022 23:00:00.000 GMT+0200,4102.961,4104.161,3975.501,4004.152,494.2339
09.05.2022 23:00:00.000 GMT+0200,3999.149,4070.869,3957.846,3997.464,524.4943
10.05.2022 23:00:00.000 GMT+0200,3995.603,4055.258,3929.146,3945.752,496.9582999999999
11.05.2022 23:00:00.000 GMT+0200,3944.160,3965.658,3859.301,3925.758,565.8281000000001
12.05.2022 23:00:00.000 GMT+0200,3922.966,4040.158,3920.261,4015.958,308.3531
13.05.2022 23:00:00.000 GMT+0200,4015.958,4015.958,4015.958,4015.958,0
14.05.2022 23:00:00.000 GMT+0200,4015.958,4015.958,4015.958,4015.958,0
15.05.2022 23:00:00.000 GMT+0200,4028.952,4047.255,3983.601,4007.167,390.0818
16.05.2022 23:00:00.000 GMT+0200,4004.352,4092.964,4004.101,4092.749,303.62289999999996
17.05.2022 23:00:00.000 GMT+0200,4094.446,4097.967,3911.649,3914.258,293.83899999999994
18.05.2022 23:00:00.000 GMT+0200,3919.046,3946.658,3859.546,3901.146,477.2857
19.05.2022 23:00:00.000 GMT+0200,3902.103,3952.652,3810.701,3900.364,371.27459999999996
20.05.2022 23:00:00.000 GMT+0200,3900.364,3900.364,3900.364,3900.364,0
21.05.2022 23:00:00.000 GMT+0200,3900.364,3900.364,3900.364,3900.364,0
22.05.2022 23:00:00.000 GMT+0200,3917.101,3984.949,3909.346,3978.649,377.68859999999995
23.05.2022 23:00:00.000 GMT+0200,3946.167,3956.463,3874.252,3950.064,380.40220000000005
24.05.2022 23:00:00.000 GMT+0200,3952.801,3999.561,3916.201,3973.452,365.5536000000001
25.05.2022 23:00:00.000 GMT+0200,3973.561,4075.046,3962.601,4050.458,261.58110000000005
26.05.2022 23:00:00.000 GMT+0200,4049.301,4164.264,4042.846,4162.701,214.77730000000003
27.05.2022 23:00:00.000 GMT+0200,4162.701,4162.701,4162.701,4162.701,0
28.05.2022 23:00:00.000 GMT+0200,4162.701,4162.701,4162.701,4162.701,0
29.05.2022 23:00:00.000 GMT+0200,4167.701,4204.467,4160.158,4178.346,124.0288
30.05.2022 23:00:00.000 GMT+0200,4179.449,4182.255,4105.152,4131.063,379.66510000000005
31.05.2022 23:00:00.000 GMT+0200,4137.758,4166.667,4073.603,4100.961,329.01849999999996
01.06.2022 23:00:00.000 GMT+0200,4098.358,4178.264,4073.501,4171.764,295.7521000000001
02.06.2022 23:00:00.000 GMT+0200,4179.201,4190.567,4098.454,4114.549,281.81609999999995
03.06.2022 23:00:00.000 GMT+0200,4114.549,4114.549,4114.549,4114.549,0
04.06.2022 23:00:00.000 GMT+0200,4114.549,4114.549,4114.549,4114.549,0
05.06.2022 23:00:00.000 GMT+0200,4116.758,4169.649,4106.201,4118.558,254.80999999999997
06.06.2022 23:00:00.000 GMT+0200,4122.601,4165.446,4077.501,4156.549,237.71349999999995
07.06.2022 23:00:00.000 GMT+0200,4152.167,4160.846,4106.849,4118.652,266.63779999999997
08.06.2022 23:00:00.000 GMT+0200,4117.460,4144.764,4016.651,4021.758,269.2533
09.06.2022 23:00:00.000 GMT+0200,4027.060,4031.146,3897.701,3910.261,324.0342
10.06.2022 23:00:00.000 GMT+0200,3910.261,3910.261,3910.261,3910.261,0
11.06.2022 23:00:00.000 GMT+0200,3910.261,3910.261,3910.261,3910.261,0
12.06.2022 23:00:00.000 GMT+0200,3869.761,3878.701,3735.448,3755.749,435.3901
13.06.2022 23:00:00.000 GMT+0200,3758.969,3806.452,3707.549,3734.149,388.0716
14.06.2022 23:00:00.000 GMT+0200,3741.867,3839.554,3720.848,3787.461,379.6750999999999
15.06.2022 23:00:00.000 GMT+0200,3798.858,3829.801,3639.001,3675.958,514.0281
16.06.2022 23:00:00.000 GMT+0200,3678.455,3710.158,3636.051,3676.452,451.67279999999994
17.06.2022 23:00:00.000 GMT+0200,3676.452,3676.452,3676.452,3676.452,0
18.06.2022 23:00:00.000 GMT+0200,3676.452,3676.452,3676.452,3676.452,0
19.06.2022 23:00:00.000 GMT+0200,3684.149,3721.564,3659.103,3711.846,193.88229999999996
20.06.2022 23:00:00.000 GMT+0200,3712.957,3780.552,3707.646,3764.158,212.8595
21.06.2022 23:00:00.000 GMT+0200,3764.403,3802.461,3690.401,3763.552,294.312
22.06.2022 23:00:00.000 GMT+0200,3758.146,3803.055,3732.603,3786.158,339.9204
23.06.2022 23:00:00.000 GMT+0200,3782.861,3916.567,3779.401,3905.849,217.7945
24.06.2022 23:00:00.000 GMT+0200,3905.849,3905.849,3905.849,3905.849,0
25.06.2022 23:00:00.000 GMT+0200,3905.849,3905.849,3905.849,3905.849,0
26.06.2022 23:00:00.000 GMT+0200,3918.249,3945.064,3889.201,3904.652,192.6041
27.06.2022 23:00:00.000 GMT+0200,3904.557,3946.567,3818.501,3821.767,201.9948
28.06.2022 23:00:00.000 GMT+0200,3824.355,3836.169,3797.551,3814.964,314.94989999999996
29.06.2022 23:00:00.000 GMT+0200,3820.152,3820.401,3737.801,3777.355,326.79589999999996
30.06.2022 23:00:00.000 GMT+0200,3778.549,3831.052,3742.501,3823.167,370.4316
01.07.2022 23:00:00.000 GMT+0200,3823.167,3823.167,3823.167,3823.167,0
02.07.2022 23:00:00.000 GMT+0200,3823.167,3823.167,3823.167,3823.167,0
03.07.2022 23:00:00.000 GMT+0200,3824.561,3824.664,3790.849,3810.555,161.1504
04.07.2022 23:00:00.000 GMT+0200,3812.801,3855.301,3742.401,3827.801,418.516
05.07.2022 23:00:00.000 GMT+0200,3833.901,3872.164,3806.201,3849.467,379.003
06.07.2022 23:00:00.000 GMT+0200,3850.761,3911.161,3829.852,3897.549,269.7251
07.07.2022 23:00:00.000 GMT+0200,3896.267,3918.967,3865.249,3902.752,331.21729999999997
08.07.2022 23:00:00.000 GMT+0200,3902.752,3902.752,3902.752,3902.752,0
09.07.2022 23:00:00.000 GMT+0200,3902.752,3902.752,3902.752,3902.752,0
10.07.2022 23:00:00.000 GMT+0200,3894.667,3896.961,3847.801,3860.464,291.231
11.07.2022 23:00:00.000 GMT+0200,3859.446,3874.152,3801.867,3818.901,318.9714000000001
12.07.2022 23:00:00.000 GMT+0200,3822.566,3868.755,3749.149,3795.501,294.2537000000001
13.07.2022 23:00:00.000 GMT+0200,3791.455,3802.461,3720.303,3795.352,219.08319999999995
14.07.2022 23:00:00.000 GMT+0200,3796.667,3863.867,3778.103,3861.152,202.21319999999997
15.07.2022 23:00:00.000 GMT+0200,3861.152,3861.152,3861.152,3861.152,0
16.07.2022 23:00:00.000 GMT+0200,3861.152,3861.152,3861.152,3861.152,0
17.07.2022 23:00:00.000 GMT+0200,3874.067,3906.461,3818.055,3835.101,251.63800000000003
18.07.2022 23:00:00.000 GMT+0200,3835.146,3939.958,3832.046,3939.552,233.57240000000002
19.07.2022 23:00:00.000 GMT+0200,3944.249,3974.267,3919.301,3956.749,289.22529999999995
20.07.2022 23:00:00.000 GMT+0200,3952.954,4001.964,3927.601,3987.449,343.0008
21.07.2022 23:00:00.000 GMT+0200,3986.201,4013.352,3938.801,3959.749,307.0866
22.07.2022 23:00:00.000 GMT+0200,3959.749,3959.749,3959.749,3959.749,0
23.07.2022 23:00:00.000 GMT+0200,3959.749,3959.749,3959.749,3959.749,0
24.07.2022 23:00:00.000 GMT+0200,3960.101,3985.961,3943.652,3971.258,282.52560000000005
25.07.2022 23:00:00.000 GMT+0200,3956.160,3962.067,3910.701,3929.352,233.98339999999996
26.07.2022 23:00:00.000 GMT+0200,3937.049,4040.652,3937.049,4013.752,251.1275
27.07.2022 23:00:00.000 GMT+0200,4018.861,4086.767,3991.903,4079.361,142.3165
28.07.2022 23:00:00.000 GMT+0200,4099.255,4141.461,4078.658,4129.952,131.03339999999997
29.07.2022 23:00:00.000 GMT+0200,4129.952,4129.952,4129.952,4129.952,0
30.07.2022 23:00:00.000 GMT+0200,4129.952,4129.952,4129.952,4129.952,0
31.07.2022 23:00:00.000 GMT+0200,4133.046,4145.755,4095.101,4121.355,143.0831
01.08.2022 23:00:00.000 GMT+0200,4119.967,4141.067,4079.255,4091.101,170.0885
02.08.2022 23:00:00.000 GMT+0200,4095.946,4168.461,4082.903,4152.055,135.74890000000002
03.08.2022 23:00:00.000 GMT+0200,4151.155,4171.458,4135.149,4152.049,144.33010000000002
04.08.2022 23:00:00.000 GMT+0200,4151.049,4164.746,4102.203,4140.655,143.0491
05.08.2022 23:00:00.000 GMT+0200,4140.655,4140.655,4140.655,4140.655,0
06.08.2022 23:00:00.000 GMT+0200,4140.655,4140.655,4140.655,4140.655,0
07.08.2022 23:00:00.000 GMT+0200,4147.858,4187.261,4128.658,4144.249,133.2642
08.08.2022 23:00:00.000 GMT+0200,4147.549,4154.067,4111.767,4126.855,120.74270000000001
09.08.2022 23:00:00.000 GMT+0200,4127.252,4211.567,4112.646,4206.655,115.45739999999999
10.08.2022 23:00:00.000 GMT+0200,4207.648,4258.058,4200.901,4213.255,112.34649999999998
11.08.2022 23:00:00.000 GMT+0200,4215.961,4280.158,4206.001,4276.267,92.70700000000002
12.08.2022 23:00:00.000 GMT+0200,4276.267,4276.267,4276.267,4276.267,0
13.08.2022 23:00:00.000 GMT+0200,4276.267,4276.267,4276.267,4276.267,0
14.08.2022 23:00:00.000 GMT+0200,4275.549,4301.361,4246.601,4292.964,78.2525
15.08.2022 23:00:00.000 GMT+0200,4292.164,4326.164,4276.301,4301.958,90.3233
16.08.2022 23:00:00.000 GMT+0200,4309.555,4313.049,4253.001,4278.946,129.3073
17.08.2022 23:00:00.000 GMT+0200,4274.946,4292.667,4255.401,4281.964,111.4219
18.08.2022 23:00:00.000 GMT+0200,4284.449,4285.264,4218.655,4228.758,99.85919999999999
19.08.2022 23:00:00.000 GMT+0200,4228.758,4228.758,4228.758,4228.758,0
20.08.2022 23:00:00.000 GMT+0200,4228.758,4228.758,4228.758,4228.758,0
21.08.2022 23:00:00.000 GMT+0200,4215.164,4218.867,4129.552,4142.652,114.8081
22.08.2022 23:00:00.000 GMT+0200,4144.649,4159.564,4115.801,4127.852,132.0472
23.08.2022 23:00:00.000 GMT+0200,4126.964,4157.067,4109.346,4145.364,114.592
24.08.2022 23:00:00.000 GMT+0200,4147.467,4201.952,4141.855,4193.455,101.42000000000002
25.08.2022 23:00:00.000 GMT+0200,4196.949,4216.149,4053.001,4057.555,147.55150000000003
26.08.2022 23:00:00.000 GMT+0200,4057.555,4057.555,4057.555,4057.555,0
27.08.2022 23:00:00.000 GMT+0200,4057.555,4057.555,4057.555,4057.555,0
28.08.2022 23:00:00.000 GMT+0200,4026.958,4063.649,4006.346,4031.401,169.7207
29.08.2022 23:00:00.000 GMT+0200,4035.164,4072.164,3964.703,3990.646,171.37
30.08.2022 23:00:00.000 GMT+0200,3987.246,4017.355,3952.849,3959.358,201.05659999999997
31.08.2022 23:00:00.000 GMT+0200,3958.255,3970.866,3902.664,3960.264,199.02429999999998
01.09.2022 23:00:00.000 GMT+0200,3967.661,4019.052,3906.001,3929.467,199.4651
02.09.2022 23:00:00.000 GMT+0200,3929.467,3929.467,3929.467,3929.467,0
03.09.2022 23:00:00.000 GMT+0200,3929.467,3929.467,3929.467,3929.467,0
04.09.2022 23:00:00.000 GMT+0200,3929.546,3942.467,3915.401,3935.846,100.1185
05.09.2022 23:00:00.000 GMT+0200,3936.446,3962.264,3886.301,3906.567,204.2584
06.09.2022 23:00:00.000 GMT+0200,3908.167,3988.667,3883.701,3977.067,181.20390000000003
07.09.2022 23:00:00.000 GMT+0200,3982.851,4011.367,3942.246,4010.358,188.78419999999997
08.09.2022 23:00:00.000 GMT+0200,4010.558,4077.267,4006.301,4064.801,114.1399
09.09.2022 23:00:00.000 GMT+0200,4064.801,4064.801,4064.801,4064.801,0
10.09.2022 23:00:00.000 GMT+0200,4064.801,4064.801,4064.801,4064.801,0
11.09.2022 23:00:00.000 GMT+0200,4081.249,4119.761,4062.848,4114.067,246.73489999999998
12.09.2022 23:00:00.000 GMT+0200,4118.967,4155.652,3920.448,3937.052,181.3131
13.09.2022 23:00:00.000 GMT+0200,3937.655,3962.767,3910.701,3946.364,207.3298
14.09.2022 23:00:00.000 GMT+0200,3952.754,3958.758,3887.852,3906.267,174.29089999999997
15.09.2022 23:00:00.000 GMT+0200,3884.403,3885.464,3836.346,3877.764,177.62279999999998
16.09.2022 23:00:00.000 GMT+0200,3877.764,3877.764,3877.764,3877.764,0
17.09.2022 23:00:00.000 GMT+0200,3877.764,3877.764,3877.764,3877.764,0
18.09.2022 23:00:00.000 GMT+0200,3875.152,3910.852,3829.501,3903.061,173.4118
19.09.2022 23:00:00.000 GMT+0200,3906.867,3920.067,3827.201,3863.366,157.31669999999997
20.09.2022 23:00:00.000 GMT+0200,3862.154,3908.264,3783.949,3788.952,209.6525
21.09.2022 23:00:00.000 GMT+0200,3780.061,3817.358,3749.201,3760.646,241.5193
22.09.2022 23:00:00.000 GMT+0200,3762.152,3769.149,3646.746,3694.546,220.23049999999998
23.09.2022 23:00:00.000 GMT+0200,3694.546,3694.546,3694.546,3694.546,0
24.09.2022 23:00:00.000 GMT+0200,3694.546,3694.546,3694.546,3694.546,0
25.09.2022 23:00:00.000 GMT+0200,3694.555,3716.455,3643.952,3653.555,290.33459999999997
26.09.2022 23:00:00.000 GMT+0200,3654.367,3718.067,3622.249,3649.846,295.1492
27.09.2022 23:00:00.000 GMT+0200,3653.149,3737.558,3600.446,3721.464,368.8894000000001
28.09.2022 23:00:00.000 GMT+0200,3716.655,3721.967,3609.701,3644.167,319.2189
29.09.2022 23:00:00.000 GMT+0200,3644.660,3680.845,3583.804,3600.084,184.40799999999996
30.09.2022 23:00:00.000 GMT+0200,3600.084,3600.084,3600.084,3600.084,0
01.10.2022 23:00:00.000 GMT+0200,3600.084,3600.084,3600.084,3600.084,0
02.10.2022 23:00:00.000 GMT+0200,3583.140,3699.054,3560.672,3683.122,91.46009999999998
03.10.2022 23:00:00.000 GMT+0200,3683.191,3795.929,3674.147,3789.497,87.19069999999999
04.10.2022 23:00:00.000 GMT+0200,3789.075,3807.515,3722.741,3790.324,84.4803
05.10.2022 23:00:00.000 GMT+0200,3782.082,3806.114,3738.749,3742.924,97.7669
06.10.2022 23:00:00.000 GMT+0200,3731.400,3751.339,3620.941,3637.579,81.28869999999999
07.10.2022 23:00:00.000 GMT+0200,3637.579,3637.579,3637.579,3637.579,0
08.10.2022 23:00:00.000 GMT+0200,3637.579,3637.579,3637.579,3637.579,0
09.10.2022 23:00:00.000 GMT+0200,3627.849,3656.195,3588.619,3614.598,81.67990000000002
10.10.2022 23:00:00.000 GMT+0200,3613.522,3641.405,3568.207,3591.105,99.5352
11.10.2022 23:00:00.000 GMT+0200,3595.284,3623.840,3574.431,3580.654,103.03049999999998
12.10.2022 23:00:00.000 GMT+0200,3584.281,3685.511,3490.227,3666.751,111.5636
13.10.2022 23:00:00.000 GMT+0200,3668.325,3721.740,3580.654,3589.592,118.63050000000001
14.10.2022 23:00:00.000 GMT+0200,3589.592,3589.592,3589.592,3589.592,0
15.10.2022 23:00:00.000 GMT+0200,3589.592,3589.592,3589.592,3589.592,0
16.10.2022 23:00:00.000 GMT+0200,3584.772,3690.744,3583.917,3684.327,77.1574
17.10.2022 23:00:00.000 GMT+0200,3700.674,3765.560,3692.095,3734.940,90.96589999999999
18.10.2022 23:00:00.000 GMT+0200,3748.075,3762.478,3666.462,3697.489,90.3286
19.10.2022 23:00:00.000 GMT+0200,3696.667,3737.140,3656.524,3672.039,88.8581
20.10.2022 23:00:00.000 GMT+0200,3667.234,3758.458,3632.219,3754.638,92.94109999999999
21.10.2022 23:00:00.000 GMT+0200,3754.638,3754.638,3754.638,3754.638,0
22.10.2022 23:00:00.000 GMT+0200,3754.638,3754.638,3754.638,3754.638,0
23.10.2022 23:00:00.000 GMT+0200,3772.945,3811.394,3726.258,3797.162,105.62119999999997
24.10.2022 23:00:00.000 GMT+0200,3793.947,3863.464,3780.059,3839.784,70.2239
25.10.2022 23:00:00.000 GMT+0200,3830.072,3886.650,3813.812,3837.387,81.65700000000001
26.10.2022 23:00:00.000 GMT+0200,3834.524,3860.744,3767.009,3774.235,90.22439999999999
27.10.2022 23:00:00.000 GMT+0200,3788.340,3906.027,3767.262,3906.017,79.4578
28.10.2022 23:00:00.000 GMT+0200,3906.017,3906.017,3906.017,3906.017,0
29.10.2022 23:00:00.000 GMT+0200,3906.017,3906.017,3906.017,3906.017,0
30.10.2022 22:00:00.000 GMT+0100,3904.874,3904.985,3862.241,3872.597,60.861
31.10.2022 22:00:00.000 GMT+0100,3874.619,3917.767,3843.114,3847.799,66.58879999999999
01.11.2022 22:00:00.000 GMT+0100,3853.524,3896.458,3752.182,3756.167,75.2766
02.11.2022 22:00:00.000 GMT+0100,3759.191,3773.648,3696.788,3723.694,77.8531
03.11.2022 22:00:00.000 GMT+0100,3715.267,3797.650,3707.999,3766.938,101.3328
04.11.2022 22:00:00.000 GMT+0100,3766.938,3766.938,3766.938,3766.938,0
05.11.2022 22:00:00.000 GMT+0100,3766.938,3766.938,3766.938,3766.938,0
06.11.2022 23:00:00.000 GMT+0100,3737.999,3814.117,3730.584,3807.182,71.9567
07.11.2022 23:00:00.000 GMT+0100,3805.732,3859.951,3786.269,3820.689,59.9987
08.11.2022 23:00:00.000 GMT+0100,3825.014,3841.075,3744.221,3751.671,74.72170000000001
09.11.2022 23:00:00.000 GMT+0100,3751.604,3959.770,3747.880,3953.484,72.306
10.11.2022 23:00:00.000 GMT+0100,3965.938,4002.030,3944.574,3993.415,73.71470000000001
11.11.2022 23:00:00.000 GMT+0100,3993.415,3993.415,3993.415,3993.415,0
12.11.2022 23:00:00.000 GMT+0100,3993.415,3993.415,3993.415,3993.415,0
13.11.2022 23:00:00.000 GMT+0100,3976.399,4009.364,3956.380,3967.865,59.5784
14.11.2022 23:00:00.000 GMT+0100,3966.708,4042.834,3952.805,3989.611,87.4427
15.11.2022 23:00:00.000 GMT+0100,3984.879,4007.624,3954.317,3970.750,71.99469999999998
16.11.2022 23:00:00.000 GMT+0100,3968.521,3981.817,3904.275,3945.590,59.700799999999994
17.11.2022 23:00:00.000 GMT+0100,3952.864,3989.000,3935.592,3962.868,57.90399999999998
18.11.2022 23:00:00.000 GMT+0100,3962.868,3962.868,3962.868,3962.868,0
19.11.2022 23:00:00.000 GMT+0100,3962.868,3962.868,3962.868,3962.868,0
20.11.2022 23:00:00.000 GMT+0100,3970.212,3970.585,3932.659,3952.748,45.9732
21.11.2022 23:00:00.000 GMT+0100,3950.634,4005.640,3938.161,4002.950,40.44309999999999
22.11.2022 23:00:00.000 GMT+0100,4003.984,4034.180,3995.884,4030.631,40.734399999999994
23.11.2022 23:00:00.000 GMT+0100,4033.784,4044.100,4032.284,4039.088,14.4191
24.11.2022 23:00:00.000 GMT+0100,4038.952,4040.847,4019.832,4028.082,22.0484
25.11.2022 23:00:00.000 GMT+0100,4028.082,4028.082,4028.082,4028.082,0
26.11.2022 23:00:00.000 GMT+0100,4028.082,4028.082,4028.082,4028.082,0
27.11.2022 23:00:00.000 GMT+0100,4015.717,4018.844,3956.014,3968.014,41.0458
28.11.2022 23:00:00.000 GMT+0100,3967.398,3985.402,3937.508,3953.924,47.1021
29.11.2022 23:00:00.000 GMT+0100,3957.189,4083.081,3938.179,4082.821,62.1329
30.11.2022 23:00:00.000 GMT+0100,4088.369,4100.197,4050.414,4075.432,61.5218
01.12.2022 23:00:00.000 GMT+0100,4073.510,4081.328,4002.949,4066.749,57.3771
02.12.2022 23:00:00.000 GMT+0100,4066.749,4066.749,4066.749,4066.749,0
03.12.2022 23:00:00.000 GMT+0100,4066.749,4066.749,4066.749,4066.749,0
04.12.2022 23:00:00.000 GMT+0100,4072.124,4072.560,3984.442,3998.592,48.9362
05.12.2022 23:00:00.000 GMT+0100,4002.441,4011.247,3918.781,3940.562,54.8068
06.12.2022 23:00:00.000 GMT+0100,3941.387,3958.240,3911.909,3931.308,63.35060000000001
07.12.2022 23:00:00.000 GMT+0100,3932.120,3974.894,3912.994,3963.398,50.40489999999999
08.12.2022 23:00:00.000 GMT+0100,3962.344,3988.044,3929.014,3935.414,51.65599999999999
09.12.2022 23:00:00.000 GMT+0100,3935.414,3935.414,3935.414,3935.414,0
10.12.2022 23:00:00.000 GMT+0100,3935.414,3935.414,3935.414,3935.414,0
11.12.2022 23:00:00.000 GMT+0100,3932.584,3990.927,3923.754,3985.231,46.44369999999999
12.12.2022 23:00:00.000 GMT+0100,3986.681,4137.584,3982.704,4020.978,89.6234
13.12.2022 23:00:00.000 GMT+0100,4019.245,4054.432,3963.712,4003.707,78.4042
14.12.2022 23:00:00.000 GMT+0100,4002.954,4008.140,3879.057,3892.399,67.2745
15.12.2022 23:00:00.000 GMT+0100,3892.728,3904.220,3827.614,3845.069,68.8926
16.12.2022 23:00:00.000 GMT+0100,3845.069,3845.069,3845.069,3845.069,0
17.12.2022 23:00:00.000 GMT+0100,3845.069,3845.069,3845.069,3845.069,0
18.12.2022 23:00:00.000 GMT+0100,3847.151,3871.850,3799.354,3812.940,46.9963
19.12.2022 23:00:00.000 GMT+0100,3815.522,3838.819,3776.457,3820.722,66.3563
20.12.2022 23:00:00.000 GMT+0100,3829.218,3890.437,3828.595,3883.650,44.88420000000001
21.12.2022 23:00:00.000 GMT+0100,3886.500,3891.717,3764.142,3819.295,53.32749999999999
22.12.2022 23:00:00.000 GMT+0100,3823.751,3847.277,3796.024,3843.830,62.06479999999999
23.12.2022 23:00:00.000 GMT+0100,3843.830,3843.830,3843.830,3843.830,0
24.12.2022 23:00:00.000 GMT+0100,3843.830,3843.830,3843.830,3843.830,0
25.12.2022 23:00:00.000 GMT+0100,3843.830,3843.830,3843.830,3843.830,0
26.12.2022 23:00:00.000 GMT+0100,3853.647,3875.280,3812.214,3832.364,39.824099999999994
27.12.2022 23:00:00.000 GMT+0100,3831.597,3850.262,3780.400,3786.131,46.1441
28.12.2022 23:00:00.000 GMT+0100,3786.361,3858.824,3781.830,3848.960,35.5076
29.12.2022 23:00:00.000 GMT+0100,3846.481,3847.345,3798.297,3845.682,41.3949
30.12.2022 23:00:00.000 GMT+0100,3845.682,3845.682,3845.682,3845.682,0
31.12.2022 23:00:00.000 GMT+0100,3845.682,3845.682,3845.682,3845.682,0
01.01.2023 23:00:00.000 GMT+0100,3845.682,3845.682,3845.682,3845.682,0
02.01.2023 23:00:00.000 GMT+0100,3874.502,3884.388,3793.374,3818.385,66.7548
03.01.2023 23:00:00.000 GMT+0100,3820.955,3873.999,3814.774,3850.902,59.669099999999986
04.01.2023 23:00:00.000 GMT+0100,3848.364,3863.315,3802.472,3809.324,51.7617
05.01.2023 23:00:00.000 GMT+0100,3812.484,3906.595,3798.704,3891.982,52.4771
06.01.2023 23:00:00.000 GMT+0100,3891.982,3891.982,3891.982,3891.982,0
07.01.2023 23:00:00.000 GMT+0100,3891.982,3891.982,3891.982,3891.982,0
08.01.2023 23:00:00.000 GMT+0100,3897.899,3951.120,3888.725,3890.720,43.70299999999999
09.01.2023 23:00:00.000 GMT+0100,3893.269,3922.359,3870.414,3919.392,52.6191
10.01.2023 23:00:00.000 GMT+0100,3919.774,3969.757,3913.524,3968.722,34.1048
11.01.2023 23:00:00.000 GMT+0100,3969.997,4000.527,3934.650,3984.770,64.1294
12.01.2023 23:00:00.000 GMT+0100,3983.424,4004.445,3942.610,3996.294,43.631
13.01.2023 23:00:00.000 GMT+0100,3996.294,3996.294,3996.294,3996.294,0
14.01.2023 23:00:00.000 GMT+0100,3996.294,3996.294,3996.294,3996.294,0
15.01.2023 23:00:00.000 GMT+0100,4002.661,4009.310,3977.885,3990.135,15.0149
16.01.2023 23:00:00.000 GMT+0100,3991.879,4016.144,3981.629,3990.422,37.460100000000004
17.01.2023 23:00:00.000 GMT+0100,3988.550,4015.204,3926.755,3928.297,46.8328
18.01.2023 23:00:00.000 GMT+0100,3926.295,3931.047,3885.552,3901.170,47.624900000000004
19.01.2023 23:00:00.000 GMT+0100,3906.339,3973.377,3895.164,3969.479,36.9319
20.01.2023 23:00:00.000 GMT+0100,3969.479,3969.479,3969.479,3969.479,0
21.01.2023 23:00:00.000 GMT+0100,3969.479,3969.479,3969.479,3969.479,0
22.01.2023 23:00:00.000 GMT+0100,3971.268,4040.132,3963.641,4017.429,37.6026
23.01.2023 23:00:00.000 GMT+0100,4020.520,4031.112,3989.135,4023.558,41.79560000000001
24.01.2023 23:00:00.000 GMT+0100,4023.150,4024.242,3948.758,4013.321,45.90409999999999
25.01.2023 23:00:00.000 GMT+0100,4014.584,4062.150,4012.522,4056.247,45.554199999999994
26.01.2023 23:00:00.000 GMT+0100,4050.422,4094.575,4042.707,4070.152,36.1971
27.01.2023 23:00:00.000 GMT+0100,4070.152,4070.152,4070.152,4070.152,0
28.01.2023 23:00:00.000 GMT+0100,4070.152,4070.152,4070.152,4070.152,0
29.01.2023 23:00:00.000 GMT+0100,4063.305,4072.390,4015.758,4024.429,50.53959999999999
30.01.2023 23:00:00.000 GMT+0100,4025.219,4077.334,3993.994,4070.475,46.671
31.01.2023 23:00:00.000 GMT+0100,4072.070,4149.614,4036.334,4128.422,59.3992
01.02.2023 23:00:00.000 GMT+0100,4132.051,4195.839,4123.464,4156.300,63.94529999999999
02.02.2023 23:00:00.000 GMT+0100,4163.262,4182.805,4120.999,4133.828,71.78800000000001
03.02.2023 23:00:00.000 GMT+0100,4133.828,4133.828,4133.828,4133.828,0
04.02.2023 23:00:00.000 GMT+0100,4133.828,4133.828,4133.828,4133.828,0
05.02.2023 23:00:00.000 GMT+0100,4123.029,4131.300,4092.785,4111.019,58.7083
06.02.2023 23:00:00.000 GMT+0100,4112.195,4177.082,4087.749,4155.992,63.3182
07.02.2023 23:00:00.000 GMT+0100,4156.184,4168.581,4111.540,4116.705,50.65809999999999
08.02.2023 23:00:00.000 GMT+0100,4121.154,4159.741,4069.655,4082.565,53.34270000000001
09.02.2023 23:00:00.000 GMT+0100,4087.607,4094.550,4051.170,4089.094,60.881699999999995
10.02.2023 23:00:00.000 GMT+0100,4089.094,4089.094,4089.094,4089.094,0
11.02.2023 23:00:00.000 GMT+0100,4089.094,4089.094,4089.094,4089.094,0
12.02.2023 23:00:00.000 GMT+0100,4095.908,4140.794,4069.279,4140.535,40.2208
13.02.2023 23:00:00.000 GMT+0100,4139.288,4176.204,4094.632,4133.784,75.49090000000001
14.02.2023 23:00:00.000 GMT+0100,4131.099,4151.117,4103.318,4149.314,52.9638
15.02.2023 23:00:00.000 GMT+0100,4148.247,4157.950,4087.732,4089.361,54.3701
16.02.2023 23:00:00.000 GMT+0100,4086.449,4086.847,4047.758,4077.792,52.2206
17.02.2023 23:00:00.000 GMT+0100,4077.792,4077.792,4077.792,4077.792,0
18.02.2023 23:00:00.000 GMT+0100,4077.792,4077.792,4077.792,4077.792,0
19.02.2023 23:00:00.000 GMT+0100,4074.367,4080.985,4064.933,4067.484,13.6163
20.02.2023 23:00:00.000 GMT+0100,4067.749,4069.240,3995.083,4001.337,39.865199999999994
21.02.2023 23:00:00.000 GMT+0100,4000.040,4017.890,3976.976,3992.193,45.7024
22.02.2023 23:00:00.000 GMT+0100,4002.023,4028.191,3969.221,4009.944,37.298100000000005
23.02.2023 23:00:00.000 GMT+0100,4009.866,4017.000,3942.864,3969.433,38.740300000000005
24.02.2023 23:00:00.000 GMT+0100,3969.433,3969.433,3969.433,3969.433,0
25.02.2023 23:00:00.000 GMT+0100,3969.433,3969.433,3969.433,3969.433,0
26.02.2023 23:00:00.000 GMT+0100,3971.054,4019.181,3967.883,3984.939,30.9827
27.02.2023 23:00:00.000 GMT+0100,3986.270,3998.319,3960.094,3962.096,31.214799999999997
28.02.2023 23:00:00.000 GMT+0100,3963.091,3985.848,3938.921,3953.066,36.458600000000004
01.03.2023 23:00:00.000 GMT+0100,3954.167,3991.439,3920.383,3981.383,39.37370000000001
02.03.2023 23:00:00.000 GMT+0100,3979.061,4048.870,3970.103,4047.249,29.079300000000003
03.03.2023 23:00:00.000 GMT+0100,4047.249,4047.249,4047.249,4047.249,0
04.03.2023 23:00:00.000 GMT+0100,4047.249,4047.249,4047.249,4047.249,0
05.03.2023 23:00:00.000 GMT+0100,4045.178,4078.836,4037.928,4050.147,29.683500000000006
06.03.2023 23:00:00.000 GMT+0100,4050.289,4061.298,3980.384,3985.983,40.01669999999999
07.03.2023 23:00:00.000 GMT+0100,3987.551,4001.114,3969.520,3993.359,39.8389
08.03.2023 23:00:00.000 GMT+0100,3994.320,4017.667,3908.148,3913.289,37.413000000000004
09.03.2023 23:00:00.000 GMT+0100,3917.460,3940.273,3846.218,3860.578,76.55399999999999
10.03.2023 23:00:00.000 GMT+0100,3860.578,3860.578,3860.578,3860.578,0
11.03.2023 23:00:00.000 GMT+0100,3860.578,3860.578,3860.578,3860.578,0
12.03.2023 22:00:00.000 GMT+0100,3887.924,3938.889,3809.971,3863.203,138.5687
13.03.2023 22:00:00.000 GMT+0100,3864.591,3938.059,3855.573,3913.881,86.5704
14.03.2023 22:00:00.000 GMT+0100,3919.999,3930.166,3831.387,3888.946,99.8051
15.03.2023 22:00:00.000 GMT+0100,3891.519,3964.726,3862.608,3960.930,75.2895
16.03.2023 22:00:00.000 GMT+0100,3961.160,3976.146,3901.351,3918.484,61.0274
17.03.2023 22:00:00.000 GMT+0100,3918.484,3918.484,3918.484,3918.484,0
18.03.2023 22:00:00.000 GMT+0100,3918.484,3918.484,3918.484,3918.484,0
19.03.2023 22:00:00.000 GMT+0100,3939.686,3956.938,3866.131,3952.127,75.0567
20.03.2023 22:00:00.000 GMT+0100,3954.357,4010.253,3949.778,4004.547,36.418499999999995
21.03.2023 22:00:00.000 GMT+0100,4004.910,4040.663,3934.533,3941.150,48.37409999999999
22.03.2023 22:00:00.000 GMT+0100,3940.293,4006.490,3917.750,3945.209,52.9774
23.03.2023 22:00:00.000 GMT+0100,3959.774,3975.167,3906.013,3974.538,61.8547
24.03.2023 22:00:00.000 GMT+0100,3974.538,3974.538,3974.538,3974.538,0
25.03.2023 22:00:00.000 GMT+0100,3974.538,3974.538,3974.538,3974.538,0
26.03.2023 23:00:00.000 GMT+0200,3979.557,4004.399,3968.329,3981.749,43.3711
27.03.2023 23:00:00.000 GMT+0200,3982.573,3993.039,3951.728,3974.506,32.5456
28.03.2023 23:00:00.000 GMT+0200,3976.700,4031.186,3976.068,4028.226,24.287
29.03.2023 23:00:00.000 GMT+0200,4027.633,4058.033,4021.821,4052.444,27.43070000000001
30.03.2023 23:00:00.000 GMT+0200,4051.201,4111.171,4048.747,4109.583,24.622799999999998
31.03.2023 23:00:00.000 GMT+0200,4109.583,4109.583,4109.583,4109.583,0
01.04.2023 23:00:00.000 GMT+0200,4109.583,4109.583,4109.583,4109.583,0
02.04.2023 23:00:00.000 GMT+0200,4100.901,4128.616,4092.781,4125.120,25.799
03.04.2023 23:00:00.000 GMT+0200,4122.633,4141.644,4086.878,4102.323,28.584199999999996
04.04.2023 23:00:00.000 GMT+0200,4104.551,4106.739,4072.057,4090.774,25.8202
05.04.2023 23:00:00.000 GMT+0200,4085.950,4107.570,4069.674,4104.187,22.3626
06.04.2023 23:00:00.000 GMT+0200,4101.444,4119.010,4094.131,4114.516,4.790299999999999
07.04.2023 23:00:00.000 GMT+0200,4114.516,4114.516,4114.516,4114.516,0
08.04.2023 23:00:00.000 GMT+0200,4114.516,4114.516,4114.516,4114.516,0
09.04.2023 23:00:00.000 GMT+0200,4110.890,4115.381,4071.390,4112.828,19.8823
10.04.2023 23:00:00.000 GMT+0200,4111.107,4124.508,4102.336,4112.070,21.3117
11.04.2023 23:00:00.000 GMT+0200,4110.343,4150.820,4087.441,4092.373,38.8386
12.04.2023 23:00:00.000 GMT+0200,4090.580,4150.580,4083.604,4146.103,27.778699999999997
13.04.2023 23:00:00.000 GMT+0200,4142.393,4162.941,4112.941,4140.934,35.136599999999994
14.04.2023 23:00:00.000 GMT+0200,4140.934,4140.934,4140.934,4140.934,0
15.04.2023 23:00:00.000 GMT+0200,4140.934,4140.934,4140.934,4140.934,0
16.04.2023 23:00:00.000 GMT+0200,4148.890,4155.103,4123.331,4152.886,27.087399999999995
17.04.2023 23:00:00.000 GMT+0200,4151.513,4173.458,4140.143,4153.453,23.977500000000003
18.04.2023 23:00:00.000 GMT+0200,4152.834,4163.359,4126.864,4149.483,22.9147
19.04.2023 23:00:00.000 GMT+0200,4148.238,4149.236,4114.717,4131.491,27.4275
20.04.2023 23:00:00.000 GMT+0200,4131.316,4138.709,4113.651,4132.799,29.5857
21.04.2023 23:00:00.000 GMT+0200,4132.799,4132.799,4132.799,4132.799,0
22.04.2023 23:00:00.000 GMT+0200,4132.799,4132.799,4132.799,4132.799,0
23.04.2023 23:00:00.000 GMT+0200,4128.863,4142.249,4111.487,4137.236,20.3564
24.04.2023 23:00:00.000 GMT+0200,4135.270,4136.659,4071.240,4088.158,27.0089
25.04.2023 23:00:00.000 GMT+0200,4089.891,4095.231,4049.384,4061.347,38.889900000000004
26.04.2023 23:00:00.000 GMT+0200,4065.594,4147.226,4061.483,4137.086,34.134499999999996
27.04.2023 23:00:00.000 GMT+0200,4130.567,4174.833,4113.213,4172.824,47.2902
28.04.2023 23:00:00.000 GMT+0200,4172.824,4172.824,4172.824,4172.824,0
29.04.2023 23:00:00.000 GMT+0200,4172.824,4172.824,4172.824,4172.824,0
30.04.2023 23:00:00.000 GMT+0200,4170.900,4187.624,4162.280,4167.494,30.233900000000002
01.05.2023 23:00:00.000 GMT+0200,4161.483,4173.646,4089.308,4119.808,40.5997
02.05.2023 23:00:00.000 GMT+0200,4117.068,4149.366,4088.964,4098.790,60.724199999999996
03.05.2023 23:00:00.000 GMT+0200,4070.680,4101.546,4048.484,4058.119,60.8756
04.05.2023 23:00:00.000 GMT+0200,4062.529,4147.534,4061.890,4135.184,32.0887
05.05.2023 23:00:00.000 GMT+0200,4135.184,4135.184,4135.184,4135.184,0
06.05.2023 23:00:00.000 GMT+0200,4135.184,4135.184,4135.184,4135.184,0
07.05.2023 23:00:00.000 GMT+0200,4134.757,4145.640,4123.243,4138.579,25.030100000000004
08.05.2023 23:00:00.000 GMT+0200,4135.296,4138.259,4116.840,4122.451,24.316399999999998
09.05.2023 23:00:00.000 GMT+0200,4119.494,4158.468,4098.954,4140.513,42.877500000000005
10.05.2023 23:00:00.000 GMT+0200,4137.818,4153.636,4108.017,4130.424,40.31190000000001
11.05.2023 23:00:00.000 GMT+0200,4130.233,4150.854,4099.118,4120.751,28.6674
12.05.2023 23:00:00.000 GMT+0200,4120.751,4120.751,4120.751,4120.751,0
13.05.2023 23:00:00.000 GMT+0200,4120.751,4120.751,4120.751,4120.751,0
14.05.2023 23:00:00.000 GMT+0200,4120.087,4143.334,4110.033,4137.599,19.5133
15.05.2023 23:00:00.000 GMT+0200,4134.740,4138.203,4107.613,4115.198,23.1704
16.05.2023 23:00:00.000 GMT+0200,4112.884,4165.316,4109.023,4157.314,20.3884
17.05.2023 23:00:00.000 GMT+0200,4156.588,4202.546,4147.373,4198.773,25.2974
18.05.2023 23:00:00.000 GMT+0200,4202.707,4214.539,4179.937,4188.431,29.2494
19.05.2023 23:00:00.000 GMT+0200,4188.431,4188.431,4188.431,4188.431,0
20.05.2023 23:00:00.000 GMT+0200,4188.431,4188.431,4188.431,4188.431,0
21.05.2023 23:00:00.000 GMT+0200,4177.083,4209.143,4177.083,4194.473,22.353300000000004
22.05.2023 23:00:00.000 GMT+0200,4195.033,4210.373,4142.268,4147.616,27.086999999999996
23.05.2023 23:00:00.000 GMT+0200,4147.373,4154.499,4103.911,4119.401,29.118600000000004
24.05.2023 23:00:00.000 GMT+0200,4143.888,4166.646,4121.618,4150.763,36.456900000000005
25.05.2023 23:00:00.000 GMT+0200,4149.028,4213.211,4137.658,4211.233,26.7089
26.05.2023 23:00:00.000 GMT+0200,4211.233,4211.233,4211.233,4211.233,0
27.05.2023 23:00:00.000 GMT+0200,4211.233,4211.233,4211.233,4211.233,0
28.05.2023 23:00:00.000 GMT+0200,4228.854,4229.993,4212.228,4217.234,8.2158
29.05.2023 23:00:00.000 GMT+0200,4216.354,4234.746,4192.353,4208.204,34.126799999999996
30.05.2023 23:00:00.000 GMT+0200,4202.968,4209.126,4166.213,4180.548,31.938900000000004
31.05.2023 23:00:00.000 GMT+0200,4179.668,4232.668,4170.950,4224.654,30.384300000000007
01.06.2023 23:00:00.000 GMT+0200,4224.654,4291.054,4221.769,4282.141,34.1033
02.06.2023 23:00:00.000 GMT+0200,4282.141,4282.141,4282.141,4282.141,0
03.06.2023 23:00:00.000 GMT+0200,4282.141,4282.141,4282.141,4282.141,0
04.06.2023 23:00:00.000 GMT+0200,4284.373,4299.443,4266.927,4275.349,39.4858
05.06.2023 23:00:00.000 GMT+0200,4272.626,4288.649,4262.828,4286.231,37.4496
06.06.2023 23:00:00.000 GMT+0200,4285.887,4299.550,4264.088,4268.689,40.709999999999994
07.06.2023 23:00:00.000 GMT+0200,4267.460,4298.643,4257.248,4292.073,35.896
08.06.2023 23:00:00.000 GMT+0200,4293.843,4322.787,4280.493,4303.887,40.5649
09.06.2023 23:00:00.000 GMT+0200,4303.887,4303.887,4303.887,4303.887,0
10.06.2023 23:00:00.000 GMT+0200,4303.887,4303.887,4303.887,4303.887,0
11.06.2023 23:00:00.000 GMT+0200,4302.093,4341.291,4301.584,4339.630,50.462900000000005
12.06.2023 23:00:00.000 GMT+0200,4341.898,4375.947,4335.191,4368.750,45.54600000000001
13.06.2023 23:00:00.000 GMT+0200,4368.660,4392.014,4336.920,4375.573,45.7324
14.06.2023 23:00:00.000 GMT+0200,4376.003,4439.833,4346.640,4421.028,40.282
15.06.2023 23:00:00.000 GMT+0200,4422.767,4447.507,4406.833,4414.883,38.56969999999999
16.06.2023 23:00:00.000 GMT+0200,4414.883,4414.883,4414.883,4414.883,0
17.06.2023 23:00:00.000 GMT+0200,4414.883,4414.883,4414.883,4414.883,0
18.06.2023 23:00:00.000 GMT+0200,4414.381,4417.649,4398.953,4402.131,11.033899999999997
19.06.2023 23:00:00.000 GMT+0200,4404.628,4406.646,4367.711,4385.830,30.120900000000002
20.06.2023 23:00:00.000 GMT+0200,4385.913,4394.029,4360.199,4367.071,33.5296
21.06.2023 23:00:00.000 GMT+0200,4365.976,4383.649,4349.673,4379.953,34.7375
22.06.2023 23:00:00.000 GMT+0200,4383.739,4384.364,4341.183,4346.990,34.3395
23.06.2023 23:00:00.000 GMT+0200,4346.990,4346.990,4346.990,4346.990,0
24.06.2023 23:00:00.000 GMT+0200,4346.990,4346.990,4346.990,4346.990,0
25.06.2023 23:00:00.000 GMT+0200,4349.583,4362.646,4328.578,4334.220,37.0859
26.06.2023 23:00:00.000 GMT+0200,4334.994,4384.560,4331.598,4375.611,30.418899999999997
27.06.2023 23:00:00.000 GMT+0200,4374.194,4390.759,4360.128,4384.061,32.74569999999999
28.06.2023 23:00:00.000 GMT+0200,4383.483,4398.948,4370.048,4397.926,34.192099999999996
29.06.2023 23:00:00.000 GMT+0200,4396.631,4459.180,4394.694,4444.696,24.505100000000002
30.06.2023 23:00:00.000 GMT+0200,4444.696,4444.696,4444.696,4444.696,0
01.07.2023 23:00:00.000 GMT+0200,4444.696,4444.696,4444.696,4444.696,0
02.07.2023 23:00:00.000 GMT+0200,4447.890,4457.266,4442.393,4454.333,13.0204
03.07.2023 23:00:00.000 GMT+0200,4454.333,4454.333,4454.333,4454.333,0
04.07.2023 23:00:00.000 GMT+0200,4453.019,4455.899,4429.583,4447.206,18.593600000000002
05.07.2023 23:00:00.000 GMT+0200,4444.760,4446.120,4385.197,4413.780,24.4901
06.07.2023 23:00:00.000 GMT+0200,4407.251,4440.694,4396.433,4403.883,28.167799999999996
07.07.2023 23:00:00.000 GMT+0200,4403.883,4403.883,4403.883,4403.883,0
08.07.2023 23:00:00.000 GMT+0200,4403.883,4403.883,4403.883,4403.883,0
09.07.2023 23:00:00.000 GMT+0200,4402.754,4413.446,4377.893,4411.969,26.1269
10.07.2023 23:00:00.000 GMT+0200,4410.776,4444.050,4404.851,4437.163,23.241800000000005
11.07.2023 23:00:00.000 GMT+0200,4436.623,4488.979,4435.883,4476.117,25.241
12.07.2023 23:00:00.000 GMT+0200,4475.034,4517.887,4474.408,4507.061,17.5887
13.07.2023 23:00:00.000 GMT+0200,4505.684,4528.076,4499.157,4504.120,22.1737
14.07.2023 23:00:00.000 GMT+0200,4504.120,4504.120,4504.120,4504.120,0
15.07.2023 23:00:00.000 GMT+0200,4504.120,4504.120,4504.120,4504.120,0
16.07.2023 23:00:00.000 GMT+0200,4504.311,4533.503,4497.291,4517.669,16.9522
17.07.2023 23:00:00.000 GMT+0200,4518.663,4562.820,4513.807,4552.558,19.7613
18.07.2023 23:00:00.000 GMT+0200,4551.118,4578.880,4550.748,4563.543,24.130799999999997
19.07.2023 23:00:00.000 GMT+0200,4561.629,4563.931,4527.833,4536.473,59.1418
20.07.2023 23:00:00.000 GMT+0200,4537.279,4560.729,4532.684,4535.496,90.3516
21.07.2023 23:00:00.000 GMT+0200,4535.496,4535.496,4535.496,4535.496,0
22.07.2023 23:00:00.000 GMT+0200,4535.496,4535.496,4535.496,4535.496,0
23.07.2023 23:00:00.000 GMT+0200,4536.304,4564.039,4531.678,4555.670,78.27820000000001
24.07.2023 23:00:00.000 GMT+0200,4556.574,4581.014,4550.993,4574.131,56.679899999999996
25.07.2023 23:00:00.000 GMT+0200,4575.927,4583.363,4547.321,4571.604,108.6805
26.07.2023 23:00:00.000 GMT+0200,4567.074,4607.467,4528.671,4542.291,112.86540000000001
27.07.2023 23:00:00.000 GMT+0200,4542.673,4590.609,4532.628,4581.181,96.97400000000002
28.07.2023 23:00:00.000 GMT+0200,4581.181,4581.181,4581.181,4581.181,0
29.07.2023 23:00:00.000 GMT+0200,4581.181,4581.181,4581.181,4581.181,0
30.07.2023 23:00:00.000 GMT+0200,4583.893,4594.396,4570.383,4592.168,74.59540000000001
31.07.2023 23:00:00.000 GMT+0200,4592.438,4597.180,4567.603,4575.134,76.9858
01.08.2023 23:00:00.000 GMT+0200,4556.477,4569.956,4505.526,4516.327,110.30149999999999
02.08.2023 23:00:00.000 GMT+0200,4511.963,4525.174,4485.711,4515.533,128.4013
03.08.2023 23:00:00.000 GMT+0200,4502.543,4540.789,4474.789,4482.684,140.5416
04.08.2023 23:00:00.000 GMT+0200,4482.684,4482.684,4482.684,4482.684,0
05.08.2023 23:00:00.000 GMT+0200,4482.684,4482.684,4482.684,4482.684,0
06.08.2023 23:00:00.000 GMT+0200,4482.254,4520.889,4481.378,4520.637,97.2745
07.08.2023 23:00:00.000 GMT+0200,4520.958,4521.609,4464.491,4498.941,112.9434
08.08.2023 23:00:00.000 GMT+0200,4498.089,4517.567,4460.997,4475.003,105.7914
09.08.2023 23:00:00.000 GMT+0200,4475.171,4526.890,4457.798,4469.584,194.19209999999998
10.08.2023 23:00:00.000 GMT+0200,4470.087,4479.756,4443.140,4469.778,144.6852
11.08.2023 23:00:00.000 GMT+0200,4469.778,4469.778,4469.778,4469.778,0
12.08.2023 23:00:00.000 GMT+0200,4469.778,4469.778,4469.778,4469.778,0
13.08.2023 23:00:00.000 GMT+0200,4466.984,4492.056,4448.949,4490.819,123.86469999999998
14.08.2023 23:00:00.000 GMT+0200,4489.991,4501.440,4432.731,4438.829,138.9859
15.08.2023 23:00:00.000 GMT+0200,4436.874,4451.709,4402.066,4406.528,141.96900000000002
16.08.2023 23:00:00.000 GMT+0200,4404.323,4421.139,4364.841,4369.673,122.95100000000001
17.08.2023 23:00:00.000 GMT+0200,4365.903,4382.616,4336.787,4371.137,155.8536
18.08.2023 23:00:00.000 GMT+0200,4371.137,4371.137,4371.137,4371.137,0
19.08.2023 23:00:00.000 GMT+0200,4371.137,4371.137,4371.137,4371.137,0
20.08.2023 23:00:00.000 GMT+0200,4368.840,4408.258,4360.273,4396.190,116.76520000000001
21.08.2023 23:00:00.000 GMT+0200,4397.443,4427.754,4383.073,4387.609,119.30400000000002
22.08.2023 23:00:00.000 GMT+0200,4388.463,4443.739,4388.264,4437.281,102.5022
23.08.2023 23:00:00.000 GMT+0200,4459.953,4474.104,4370.953,4373.763,150.3295
24.08.2023 23:00:00.000 GMT+0200,4373.743,4419.268,4356.143,4406.933,198.3424
25.08.2023 23:00:00.000 GMT+0200,4406.933,4406.933,4406.933,4406.933,0
26.08.2023 23:00:00.000 GMT+0200,4406.933,4406.933,4406.933,4406.933,0
27.08.2023 23:00:00.000 GMT+0200,4409.699,4440.800,4406.193,4434.571,114.35589999999999
28.08.2023 23:00:00.000 GMT+0200,4435.523,4500.776,4424.933,4499.554,105.55130000000001
29.08.2023 23:00:00.000 GMT+0200,4499.548,4522.464,4487.823,4517.588,108.8365
30.08.2023 23:00:00.000 GMT+0200,4517.200,4532.993,4506.051,4511.249,97.5797
31.08.2023 23:00:00.000 GMT+0200,4509.633,4540.910,4501.483,4515.478,122.42470000000002
01.09.2023 23:00:00.000 GMT+0200,4515.478,4515.478,4515.478,4515.478,0
02.09.2023 23:00:00.000 GMT+0200,4515.478,4515.478,4515.478,4515.478,0
03.09.2023 23:00:00.000 GMT+0200,4516.181,4526.396,4510.634,4515.137,23.344200000000004
04.09.2023 23:00:00.000 GMT+0200,4515.510,4516.634,4494.443,4496.241,94.31089999999999
05.09.2023 23:00:00.000 GMT+0200,4493.913,4498.118,4441.971,4464.486,107.95890000000001
06.09.2023 23:00:00.000 GMT+0200,4464.007,4465.993,4429.768,4453.033,106.07529999999998
07.09.2023 23:00:00.000 GMT+0200,4454.153,4474.026,4439.593,4461.949,96.50660000000002
08.09.2023 23:00:00.000 GMT+0200,4461.949,4461.949,4461.949,4461.949,0
09.09.2023 23:00:00.000 GMT+0200,4461.949,4461.949,4461.949,4461.949,0
10.09.2023 23:00:00.000 GMT+0200,4460.149,4491.393,4457.384,4487.433,97.20110000000001
11.09.2023 23:00:00.000 GMT+0200,4484.063,4487.946,4456.803,4464.599,99.20049999999999
12.09.2023 23:00:00.000 GMT+0200,4462.710,4479.926,4445.118,4470.026,129.8817
13.09.2023 23:00:00.000 GMT+0200,4470.441,4511.983,4467.978,4509.920,110.5915
14.09.2023 23:00:00.000 GMT+0200,4507.400,4516.916,4447.023,4454.453,117.39779999999999
15.09.2023 23:00:00.000 GMT+0200,4454.453,4454.453,4454.453,4454.453,0
16.09.2023 23:00:00.000 GMT+0200,4454.453,4454.453,4454.453,4454.453,0
17.09.2023 23:00:00.000 GMT+0200,4453.158,4466.549,4440.387,4455.606,90.43329999999999
18.09.2023 23:00:00.000 GMT+0200,4455.603,4462.449,4416.661,4446.017,87.3951
19.09.2023 23:00:00.000 GMT+0200,4444.620,4461.706,4398.928,4399.671,128.17860000000002
20.09.2023 23:00:00.000 GMT+0200,4400.040,4402.010,4327.278,4328.027,125.0792
21.09.2023 23:00:00.000 GMT+0200,4328.199,4357.839,4316.443,4324.237,110.6516
22.09.2023 23:00:00.000 GMT+0200,4324.237,4324.237,4324.237,4324.237,0
23.09.2023 23:00:00.000 GMT+0200,4324.237,4324.237,4324.237,4324.237,0
24.09.2023 23:00:00.000 GMT+0200,4324.187,4340.889,4298.884,4339.409,125.52590000000001
25.09.2023 23:00:00.000 GMT+0200,4340.720,4340.720,4266.018,4280.369,119.16460000000001
26.09.2023 23:00:00.000 GMT+0200,4280.529,4296.527,4238.733,4281.556,130.999
27.09.2023 23:00:00.000 GMT+0200,4283.706,4318.129,4263.599,4300.489,165.6042
28.09.2023 23:00:00.000 GMT+0200,4303.797,4334.080,4274.628,4292.437,165.4621
29.09.2023 23:00:00.000 GMT+0200,4292.437,4292.437,4292.437,4292.437,0
30.09.2023 23:00:00.000 GMT+0200,4292.437,4292.437,4292.437,4292.437,0
01.10.2023 23:00:00.000 GMT+0200,4313.754,4320.399,4259.876,4290.238,188.86559999999994
02.10.2023 23:00:00.000 GMT+0200,4289.493,4299.769,4216.323,4232.707,182.4666
03.10.2023 23:00:00.000 GMT+0200,4227.454,4269.158,4201.553,4259.118,189.26899999999998
04.10.2023 23:00:00.000 GMT+0200,4256.000,4267.956,4226.080,4256.228,161.06589999999997
05.10.2023 23:00:00.000 GMT+0200,4255.288,4324.893,4210.434,4312.693,185.9066
06.10.2023 23:00:00.000 GMT+0200,4312.693,4312.693,4312.693,4312.693,0
07.10.2023 23:00:00.000 GMT+0200,4312.693,4312.693,4312.693,4312.693,0
08.10.2023 23:00:00.000 GMT+0200,4279.019,4342.367,4267.510,4337.368,142.77079999999998
09.10.2023 23:00:00.000 GMT+0200,4335.310,4386.103,4333.233,4359.093,130.97729999999999
10.10.2023 23:00:00.000 GMT+0200,4358.703,4385.439,4345.347,4385.123,120.12119999999999
11.10.2023 23:00:00.000 GMT+0200,4384.596,4398.447,4325.447,4351.634,138.175
12.10.2023 23:00:00.000 GMT+0200,4350.881,4377.643,4311.943,4322.549,175.75480000000002
13.10.2023 23:00:00.000 GMT+0200,4322.549,4322.549,4322.549,4322.549,0
14.10.2023 23:00:00.000 GMT+0200,4322.549,4322.549,4322.549,4322.549,0
15.10.2023 23:00:00.000 GMT+0200,4329.996,4384.038,4326.234,4375.829,123.3395
16.10.2023 23:00:00.000 GMT+0200,4376.753,4393.996,4337.420,4369.327,139.68210000000002
17.10.2023 23:00:00.000 GMT+0200,4370.449,4370.861,4304.020,4322.389,210.13979999999998
18.10.2023 23:00:00.000 GMT+0200,4318.898,4340.563,4268.120,4269.683,354.33459999999997
19.10.2023 23:00:00.000 GMT+0200,4270.464,4279.419,4220.633,4220.684,239.4752
20.10.2023 23:00:00.000 GMT+0200,4220.684,4220.684,4220.684,4220.684,0
21.10.2023 23:00:00.000 GMT+0200,4220.684,4220.684,4220.684,4220.684,0
22.10.2023 23:00:00.000 GMT+0200,4232.203,4256.384,4189.428,4224.753,230.5493
23.10.2023 23:00:00.000 GMT+0200,4226.944,4266.957,4218.563,4250.610,211.68549999999996
24.10.2023 23:00:00.000 GMT+0200,4244.378,4250.096,4181.708,4193.257,263.57989999999995
25.10.2023 23:00:00.000 GMT+0200,4179.826,4183.863,4127.891,4146.829,313.9702
26.10.2023 23:00:00.000 GMT+0200,4147.373,4165.260,4103.747,4118.250,293.4135
27.10.2023 23:00:00.000 GMT+0200,4118.250,4118.250,4118.250,4118.250,0
28.10.2023 23:00:00.000 GMT+0200,4118.250,4118.250,4118.250,4118.250,0
29.10.2023 22:00:00.000 GMT+0100,4131.558,4177.679,4125.629,4167.097,189.98069999999998
30.10.2023 22:00:00.000 GMT+0100,4164.746,4195.729,4148.116,4186.858,212.18970000000002
31.10.2023 22:00:00.000 GMT+0100,4186.728,4245.883,4172.753,4236.653,242.88549999999998
01.11.2023 22:00:00.000 GMT+0100,4239.638,4320.000,4239.154,4316.063,135.4308
02.11.2023 22:00:00.000 GMT+0100,4308.843,4373.920,4308.843,4362.183,160.9876
03.11.2023 22:00:00.000 GMT+0100,4362.183,4362.183,4362.183,4362.183,0
04.11.2023 22:00:00.000 GMT+0100,4362.183,4362.183,4362.183,4362.183,0
05.11.2023 23:00:00.000 GMT+0100,4362.953,4372.649,4347.398,4365.267,120.92689999999999
06.11.2023 23:00:00.000 GMT+0100,4362.517,4386.479,4349.688,4379.023,135.7335
07.11.2023 23:00:00.000 GMT+0100,4379.857,4391.213,4359.448,4379.803,139.8731
08.11.2023 23:00:00.000 GMT+0100,4375.967,4397.400,4343.443,4350.768,177.16610000000003
09.11.2023 23:00:00.000 GMT+0100,4349.756,4420.273,4339.553,4416.523,139.88410000000002
10.11.2023 23:00:00.000 GMT+0100,4416.523,4416.523,4416.523,4416.523,0
11.11.2023 23:00:00.000 GMT+0100,4416.523,4416.523,4416.523,4416.523,0
12.11.2023 23:00:00.000 GMT+0100,4410.166,4422.490,4392.783,4412.701,107.9866
13.11.2023 23:00:00.000 GMT+0100,4412.659,4509.253,4410.168,4498.750,140.2269
14.11.2023 23:00:00.000 GMT+0100,4500.280,4525.000,4495.294,4497.363,149.7765
15.11.2023 23:00:00.000 GMT+0100,4498.033,4511.143,4487.821,4509.018,129.7926
16.11.2023 23:00:00.000 GMT+0100,4513.410,4525.596,4499.704,4511.699,121.41749999999999
17.11.2023 23:00:00.000 GMT+0100,4511.699,4511.699,4511.699,4511.699,0
18.11.2023 23:00:00.000 GMT+0100,4511.699,4511.699,4511.699,4511.699,0
19.11.2023 23:00:00.000 GMT+0100,4513.637,4557.616,4506.333,4545.511,87.9237
20.11.2023 23:00:00.000 GMT+0100,4548.733,4553.556,4525.963,4533.961,98.1796
21.11.2023 23:00:00.000 GMT+0100,4534.981,4569.628,4530.953,4555.227,119.3924
22.11.2023 23:00:00.000 GMT+0100,4554.496,4562.899,4551.783,4561.390,23.1913
23.11.2023 23:00:00.000 GMT+0100,4561.519,4564.546,4553.133,4555.931,44.639900000000004
24.11.2023 23:00:00.000 GMT+0100,4555.931,4555.931,4555.931,4555.931,0
25.11.2023 23:00:00.000 GMT+0100,4555.931,4555.931,4555.931,4555.931,0
26.11.2023 23:00:00.000 GMT+0100,4557.943,4560.867,4542.428,4551.131,60.16979999999999
27.11.2023 23:00:00.000 GMT+0100,4552.624,4568.430,4538.403,4555.673,77.2607
28.11.2023 23:00:00.000 GMT+0100,4555.718,4588.263,4547.297,4556.221,77.2558
29.11.2023 23:00:00.000 GMT+0100,4553.611,4571.066,4536.931,4565.899,98.1984
30.11.2023 23:00:00.000 GMT+0100,4563.484,4599.807,4554.916,4594.836,109.0146
01.12.2023 23:00:00.000 GMT+0100,4594.836,4594.836,4594.836,4594.836,0
02.12.2023 23:00:00.000 GMT+0100,4594.836,4594.836,4594.836,4594.836,0
03.12.2023 23:00:00.000 GMT+0100,4595.534,4596.603,4546.953,4566.271,83.85650000000003
04.12.2023 23:00:00.000 GMT+0100,4566.103,4579.036,4549.203,4569.518,111.5164
05.12.2023 23:00:00.000 GMT+0100,4566.450,4592.440,4546.447,4550.156,90.08970000000001
06.12.2023 23:00:00.000 GMT+0100,4549.450,4590.000,4543.387,4581.940,88.1541
07.12.2023 23:00:00.000 GMT+0100,4580.143,4609.699,4560.831,4602.237,103.965
08.12.2023 23:00:00.000 GMT+0100,4602.237,4602.237,4602.237,4602.237,0
09.12.2023 23:00:00.000 GMT+0100,4602.237,4602.237,4602.237,4602.237,0
10.12.2023 23:00:00.000 GMT+0100,4603.946,4624.031,4595.983,4621.563,81.8229
11.12.2023 23:00:00.000 GMT+0100,4621.930,4646.737,4607.943,4646.247,75.74989999999998
12.12.2023 23:00:00.000 GMT+0100,4646.388,4710.489,4643.090,4709.378,94.24290000000002
13.12.2023 23:00:00.000 GMT+0100,4706.100,4738.699,4693.684,4717.273,122.72290000000001
14.12.2023 23:00:00.000 GMT+0100,4714.253,4736.659,4704.631,4718.443,106.0792
15.12.2023 23:00:00.000 GMT+0100,4718.443,4718.443,4718.443,4718.443,0
16.12.2023 23:00:00.000 GMT+0100,4718.443,4718.443,4718.443,4718.443,0
17.12.2023 23:00:00.000 GMT+0100,4718.766,4750.371,4716.634,4737.421,67.61899999999999
18.12.2023 23:00:00.000 GMT+0100,4737.676,4769.499,4735.661,4765.550,53.5541
19.12.2023 23:00:00.000 GMT+0100,4765.769,4778.406,4692.599,4695.809,87.05600000000001
20.12.2023 23:00:00.000 GMT+0100,4702.187,4749.423,4702.013,4747.247,120.11290000000001
21.12.2023 23:00:00.000 GMT+0100,4747.510,4773.409,4736.283,4751.893,119.81019999999998
22.12.2023 23:00:00.000 GMT+0100,4751.893,4751.893,4751.893,4751.893,0
23.12.2023 23:00:00.000 GMT+0100,4751.893,4751.893,4751.893,4751.893,0
24.12.2023 23:00:00.000 GMT+0100,4751.893,4751.893,4751.893,4751.893,0
25.12.2023 23:00:00.000 GMT+0100,4752.713,4784.966,4752.331,4776.837,54.9483
26.12.2023 23:00:00.000 GMT+0100,4778.424,4787.409,4768.148,4785.936,82.6844
27.12.2023 23:00:00.000 GMT+0100,4785.021,4796.390,4782.038,4787.160,69.5728
28.12.2023 23:00:00.000 GMT+0100,4786.930,4795.536,4751.529,4767.699,89.718
29.12.2023 23:00:00.000 GMT+0100,4767.699,4767.699,4767.699,4767.699,0
30.12.2023 23:00:00.000 GMT+0100,4767.699,4767.699,4767.699,4767.699,0
31.12.2023 23:00:00.000 GMT+0100,4767.699,4767.699,4767.699,4767.699,0
01.01.2024 23:00:00.000 GMT+0100,4771.384,4782.646,4723.203,4745.281,104.8074
02.01.2024 23:00:00.000 GMT+0100,4747.323,4747.820,4699.889,4705.256,123.20339999999999
03.01.2024 23:00:00.000 GMT+0100,4708.584,4727.060,4688.037,4689.414,100.62440000000001
04.01.2024 23:00:00.000 GMT+0100,4694.376,4722.030,4663.733,4698.699,140.2784
05.01.2024 23:00:00.000 GMT+0100,4698.699,4698.699,4698.699,4698.699,0
06.01.2024 23:00:00.000 GMT+0100,4698.699,4698.699,4698.699,4698.699,0
07.01.2024 23:00:00.000 GMT+0100,4696.513,4765.336,4676.884,4762.174,92.57870000000001
08.01.2024 23:00:00.000 GMT+0100,4759.528,4766.188,4730.788,4754.233,125.5783
09.01.2024 23:00:00.000 GMT+0100,4752.487,4791.699,4748.778,4782.970,115.3653
10.01.2024 23:00:00.000 GMT+0100,4783.687,4802.934,4739.146,4780.041,197.01599999999996
11.01.2024 23:00:00.000 GMT+0100,4776.863,4802.450,4758.493,4779.796,143.4825
12.01.2024 23:00:00.000 GMT+0100,4779.796,4779.796,4779.796,4779.796,0
13.01.2024 23:00:00.000 GMT+0100,4779.796,4779.796,4779.796,4779.796,0
14.01.2024 23:00:00.000 GMT+0100,4777.987,4789.243,4772.981,4779.683,34.329299999999996
15.01.2024 23:00:00.000 GMT+0100,4778.234,4782.653,4747.143,4766.294,140.54410000000001
16.01.2024 23:00:00.000 GMT+0100,4766.818,4768.109,4714.816,4737.084,156.1031
17.01.2024 23:00:00.000 GMT+0100,4735.769,4786.481,4733.131,4779.118,159.8861
18.01.2024 23:00:00.000 GMT+0100,4780.347,4843.434,4778.126,4841.190,138.6784
19.01.2024 23:00:00.000 GMT+0100,4841.190,4841.190,4841.190,4841.190,0
20.01.2024 23:00:00.000 GMT+0100,4841.190,4841.190,4841.190,4841.190,0
21.01.2024 23:00:00.000 GMT+0100,4842.333,4867.646,4842.266,4849.826,79.74470000000001
22.01.2024 23:00:00.000 GMT+0100,4850.078,4868.406,4844.848,4868.406,71.5365
23.01.2024 23:00:00.000 GMT+0100,4870.568,4903.833,4860.223,4864.247,118.7941
24.01.2024 23:00:00.000 GMT+0100,4872.248,4899.087,4866.134,4894.370,141.52519999999998
25.01.2024 23:00:00.000 GMT+0100,4891.273,4907.306,4871.140,4888.190,115.59589999999999
26.01.2024 23:00:00.000 GMT+0100,4888.190,4888.190,4888.190,4888.190,0
27.01.2024 23:00:00.000 GMT+0100,4888.190,4888.190,4888.190,4888.190,0
28.01.2024 23:00:00.000 GMT+0100,4883.583,4929.943,4875.833,4925.283,69.7391
29.01.2024 23:00:00.000 GMT+0100,4924.969,4931.613,4913.543,4919.554,72.55799999999999
30.01.2024 23:00:00.000 GMT+0100,4903.780,4913.179,4841.844,4847.564,213.7392
31.01.2024 23:00:00.000 GMT+0100,4852.466,4923.426,4850.033,4922.174,147.16600000000025
01.02.2024 23:00:00.000 GMT+0100,4929.416,4975.643,4904.167,4956.928,171.85130000000063
02.02.2024 23:00:00.000 GMT+0100,4956.928,4956.928,4956.928,4956.928,0
03.02.2024 23:00:00.000 GMT+0100,4956.928,4956.928,4956.928,4956.928,0
04.02.2024 23:00:00.000 GMT+0100,4954.248,4958.833,4917.583,4938.581,101.27140000000011
05.02.2024 23:00:00.000 GMT+0100,4938.476,4958.246,4934.633,4949.124,100.49270000000026
06.02.2024 23:00:00.000 GMT+0100,4951.677,5000.299,4950.363,4995.034,88.00080000000027
07.02.2024 23:00:00.000 GMT+0100,4997.527,5001.519,4985.318,4997.583,84.32910000000045
08.02.2024 23:00:00.000 GMT+0100,4996.129,5030.656,4994.627,5024.937,81.10190000000031
09.02.2024 23:00:00.000 GMT+0100,5024.937,5024.937,5024.937,5024.937,0
10.02.2024 23:00:00.000 GMT+0100,5024.937,5024.937,5024.937,5024.937,0
11.02.2024 23:00:00.000 GMT+0100,5024.754,5048.938,5015.313,5016.544,70.49869999999993
12.02.2024 23:00:00.000 GMT+0100,5016.729,5022.728,4920.524,4954.217,146.68759999999997
13.02.2024 23:00:00.000 GMT+0100,4957.153,5003.500,4951.517,5001.817,140.7311
14.02.2024 23:00:00.000 GMT+0100,5002.269,5035.181,4996.181,5032.447,121.66690000000041
15.02.2024 23:00:00.000 GMT+0100,5033.416,5043.436,4998.113,5000.687,143.69630000000026
16.02.2024 23:00:00.000 GMT+0100,5000.687,5000.687,5000.687,5000.687,0
17.02.2024 23:00:00.000 GMT+0100,5000.687,5000.687,5000.687,5000.687,0